"SGB","median_min","individualized","A_stat","p_value","n_sample_pigs","n_sample_farmers","host_specific","category","clade_name","Kingdom","Phylum","Class","Order","Family","Genus","Species","clade_taxid"
"SGB1005",0.645011359159957,TRUE,-0.00250055699315133,0.641,24,6,FALSE,"non_host_specific + individualized","k__Bacteria|p__Firmicutes|c__CFGB337|o__OFGB337|f__FGB337|g__GGB13646|s__GGB13646_SGB1005|t__SGB1005","Bacteria","Firmicutes","CFGB337","OFGB337","FGB337","GGB13646","GGB13646_SGB1005","2|1239||||||"
"SGB10068",0.0608136855656686,FALSE,0.0355691752431136,0.001,53,23,TRUE,"host_specific + non_individualized","k__Bacteria|p__Pseudomonadota|c__Gammaproteobacteria|o__Enterobacterales|f__Enterobacteriaceae|g__Escherichia|s__Escherichia_coli|t__SGB10068","Bacteria","Pseudomonadota","Gammaproteobacteria","Enterobacterales","Enterobacteriaceae","Escherichia","Escherichia_coli","2|1224|1236|91347|543|561|562|"
"SGB1016",0.462656900745336,TRUE,-0.000109508406932246,0.428,43,6,FALSE,"non_host_specific + individualized","k__Bacteria|p__Mycoplasmatota|c__CFGB341|o__OFGB341|f__FGB341|g__GGB99884|s__GGB99884_SGB1016|t__SGB1016","Bacteria","Mycoplasmatota","CFGB341","OFGB341","FGB341","GGB99884","GGB99884_SGB1016","2|544448||||||"
"SGB1303",0.165848244134636,FALSE,0.0169180804552915,0.23,10,5,FALSE,"non_host_specific + non_individualized","k__Bacteria|p__Bacteroidota|c__CFGB77217|o__OFGB77217|f__FGB77217|g__GGB1010|s__GGB1010_SGB1303|t__SGB1303","Bacteria","Bacteroidota","CFGB77217","OFGB77217","FGB77217","GGB1010","GGB1010_SGB1303","2|976||||||"
"SGB13972",0.45311981441095,TRUE,-0.0026626177244502,0.534,9,7,FALSE,"non_host_specific + individualized","k__Bacteria|p__Firmicutes|c__CFGB2833|o__OFGB2833|f__FGB2833|g__GGB9057|s__GGB9057_SGB13972|t__SGB13972","Bacteria","Firmicutes","CFGB2833","OFGB2833","FGB2833","GGB9057","GGB9057_SGB13972","2|1239||||||"
"SGB13976",0.214762180481158,FALSE,0.0582280451046611,0.001,75,16,TRUE,"host_specific + non_individualized","k__Bacteria|p__Firmicutes|c__CFGB73062|o__OFGB73062|f__FGB73062|g__GGB9059|s__GGB9059_SGB13976|t__SGB13976","Bacteria","Firmicutes","CFGB73062","OFGB73062","FGB73062","GGB9059","GGB9059_SGB13976","2|1239||||||"
"SGB1404",0.402607204670764,TRUE,0.00530184813613788,0.011,56,21,TRUE,"host_specific + individualized","k__Bacteria|p__Bacteroidota|c__CFGB529|o__OFGB529|f__FGB529|g__GGB1093|s__GGB1093_SGB1404|t__SGB1404","Bacteria","Bacteroidota","CFGB529","OFGB529","FGB529","GGB1093","GGB1093_SGB1404","2|976||||||"
"SGB14238",0.512089579344815,TRUE,-0.00350815263911808,0.65,23,7,FALSE,"non_host_specific + individualized","k__Bacteria|p__Firmicutes|c__CFGB84772|o__OFGB84772|f__FGB84772|g__GGB9285|s__GGB9285_SGB14238|t__SGB14238","Bacteria","Firmicutes","CFGB84772","OFGB84772","FGB84772","GGB9285","GGB9285_SGB14238","2|1239||||||"
"SGB14243",0.575389026068652,TRUE,0.0644133450666268,0.003,14,12,TRUE,"host_specific + individualized","k__Bacteria|p__Chloroflexota|c__CFGB94700|o__OFGB94700|f__FGB94700|g__GGB9288|s__GGB9288_SGB14243|t__SGB14243","Bacteria","Chloroflexota","CFGB94700","OFGB94700","FGB94700","GGB9288","GGB9288_SGB14243","2|200795||||||"
"SGB14252",0.450812100946213,TRUE,0.173453932922155,0.002,6,8,TRUE,"host_specific + individualized","k__Bacteria|p__Firmicutes|c__CFGB4605|o__OFGB4605|f__FGB4605|g__GGB13404|s__GGB13404_SGB14252|t__SGB14252","Bacteria","Firmicutes","CFGB4605","OFGB4605","FGB4605","GGB13404","GGB13404_SGB14252","2|1239||||||"
"SGB14253",0.696490897713363,TRUE,-0.0029285498917313,0.55,5,5,FALSE,"non_host_specific + individualized","k__Bacteria|p__Firmicutes|c__CFGB9272|o__OFGB9272|f__FGB9272|g__GGB9296|s__GGB9296_SGB14253|t__SGB14253","Bacteria","Firmicutes","CFGB9272","OFGB9272","FGB9272","GGB9296","GGB9296_SGB14253","2|1239||||||"
"SGB14255",0.590760833583417,TRUE,-0.00143049534411399,0.503,12,8,FALSE,"non_host_specific + individualized","k__Bacteria|p__Firmicutes|c__CFGB94728|o__OFGB94728|f__FGB94728|g__GGB9297|s__GGB9297_SGB14255|t__SGB14255","Bacteria","Firmicutes","CFGB94728","OFGB94728","FGB94728","GGB9297","GGB9297_SGB14255","2|1239||||||"
"SGB14306",0.224769872691617,FALSE,0.0861456809611789,0.001,70,15,TRUE,"host_specific + non_individualized","k__Bacteria|p__Firmicutes|c__CFGB2982|o__OFGB2982|f__FGB2982|g__GGB9342|s__GGB9342_SGB14306|t__SGB14306","Bacteria","Firmicutes","CFGB2982","OFGB2982","FGB2982","GGB9342","GGB9342_SGB14306","2|1239||||||"
"SGB14311",0.35547524482653,TRUE,0.414221613040624,0.001,37,12,TRUE,"host_specific + individualized","k__Bacteria|p__Firmicutes|c__CFGB9345|o__OFGB9345|f__FGB9345|g__GGB9345|s__GGB9345_SGB14311|t__SGB14311","Bacteria","Firmicutes","CFGB9345","OFGB9345","FGB9345","GGB9345","GGB9345_SGB14311","2|1239||||||"
"SGB14313",0.328510113292236,FALSE,0.150239183106523,0.001,43,18,TRUE,"host_specific + non_individualized","k__Bacteria|p__Firmicutes|c__CFGB2984|o__OFGB2984|f__FGB2984|g__GGB9347|s__GGB9347_SGB14313|t__SGB14313","Bacteria","Firmicutes","CFGB2984","OFGB2984","FGB2984","GGB9347","GGB9347_SGB14313","2|1239||||||"
"SGB1437",0.48712660495794,TRUE,0.00919929189442403,0.01,45,19,TRUE,"host_specific + individualized","k__Bacteria|p__Bacteroidota|c__CFGB544|o__OFGB544|f__FGB544|g__GGB1123|s__GGB1123_SGB1437|t__SGB1437","Bacteria","Bacteroidota","CFGB544","OFGB544","FGB544","GGB1123","GGB1123_SGB1437","2|976||||||"
"SGB14370",0.170387015888602,FALSE,0.0701949620407873,0.089,7,7,FALSE,"non_host_specific + non_individualized","k__Bacteria|p__Actinomycetota|c__Coriobacteriia|o__Coriobacteriales|f__Atopobiaceae|g__Paratractidigestivibacter|s__Paratractidigestivibacter_faecalis|t__SGB14370","Bacteria","Actinomycetota","Coriobacteriia","Coriobacteriales","Atopobiaceae","Paratractidigestivibacter","Paratractidigestivibacter_faecalis","2|201174|84998|84999|1643824|2847314|2292441|"
"SGB1475",0.379335369960234,TRUE,0.00465119091039046,0.174,16,9,FALSE,"non_host_specific + individualized","k__Bacteria|p__Bacteroidota|c__Bacteroidia|o__Bacteroidales|f__Prevotellaceae|g__GGB1148|s__GGB1148_SGB1475|t__SGB1475","Bacteria","Bacteroidota","Bacteroidia","Bacteroidales","Prevotellaceae","GGB1148","GGB1148_SGB1475","2|976|200643|171549|171552|||"
"SGB1477",0.184034742233643,FALSE,0.0417659787122951,0.079,16,9,FALSE,"non_host_specific + non_individualized","k__Bacteria|p__Bacteroidota|c__Bacteroidia|o__Bacteroidales|f__Prevotellaceae|g__Prevotellamassilia|s__Prevotellamassilia_timonensis|t__SGB1477","Bacteria","Bacteroidota","Bacteroidia","Bacteroidales","Prevotellaceae","Prevotellamassilia","Prevotellamassilia_timonensis","2|976|200643|171549|171552|1926672|1852370|"
"SGB14861",0.515527122622315,TRUE,0.109345196533573,0.003,7,9,TRUE,"host_specific + individualized","k__Bacteria|p__Firmicutes|c__Clostridia|o__Eubacteriales|f__Oscillospiraceae|g__Hominenteromicrobium|s__Hominenteromicrobium_mulieris|t__SGB14861","Bacteria","Firmicutes","Clostridia","Eubacteriales","Oscillospiraceae","Hominenteromicrobium","Hominenteromicrobium_mulieris","2|1239|186801|186802|216572|3073575|2885357|"
"SGB15019",0.449777505286504,TRUE,0.279184792464238,0.001,47,6,TRUE,"host_specific + individualized","k__Bacteria|p__Firmicutes|c__Clostridia|o__Eubacteriales|f__Oscillospiraceae|g__Pseudoflavonifractor|s__Pseudoflavonifractor_SGB15019|t__SGB15019","Bacteria","Firmicutes","Clostridia","Eubacteriales","Oscillospiraceae","Pseudoflavonifractor","Pseudoflavonifractor_SGB15019","2|1239|186801|186802|216572|1017280||"
"SGB15051",0.204645906824155,FALSE,0.191578294454047,0.001,20,15,TRUE,"host_specific + non_individualized","k__Bacteria|p__Firmicutes|c__Clostridia|o__Eubacteriales|f__Oscillospiraceae|g__Dysosmobacter|s__Dysosmobacter_SGB15051|t__SGB15051","Bacteria","Firmicutes","Clostridia","Eubacteriales","Oscillospiraceae","Dysosmobacter","Dysosmobacter_SGB15051","2|1239|186801|186802|216572|2591381||"
"SGB15053",0.202529202839871,FALSE,0.17650496589714,0.001,9,40,TRUE,"host_specific + non_individualized","k__Bacteria|p__Firmicutes|c__Clostridia|o__Eubacteriales|f__Oscillospiraceae|g__Dysosmobacter|s__Dysosmobacter_segnis|t__SGB15053","Bacteria","Firmicutes","Clostridia","Eubacteriales","Oscillospiraceae","Dysosmobacter","Dysosmobacter_segnis","2|1239|186801|186802|216572|2591381|2763042|"
"SGB15089",0.323383120376873,FALSE,0.0963143842486928,0.004,5,17,TRUE,"host_specific + non_individualized","k__Bacteria|p__Firmicutes|c__Clostridia|o__Eubacteriales|f__Oscillospiraceae|g__Vescimonas|s__Vescimonas_coprocola|t__SGB15089","Bacteria","Firmicutes","Clostridia","Eubacteriales","Oscillospiraceae","Vescimonas","Vescimonas_coprocola","2|1239|186801|186802|216572|2892396|2714355|"
"SGB15090",0.151480248887345,FALSE,0.0734691909959724,0.008,11,12,TRUE,"host_specific + non_individualized","k__Bacteria|p__Firmicutes|c__Clostridia|o__Eubacteriales|f__Oscillospiraceae|g__Brotocaccenecus|s__Brotocaccenecus_SGB15090|t__SGB15090","Bacteria","Firmicutes","Clostridia","Eubacteriales","Oscillospiraceae","Brotocaccenecus","Brotocaccenecus_SGB15090","2|1239|186801|186802|216572|3064194||"
"SGB15095",0.00525322893829532,FALSE,0.227539521042526,0.001,24,10,TRUE,"host_specific + non_individualized","k__Bacteria|p__Firmicutes|c__Clostridia|o__Eubacteriales|f__Oscillospiraceae|g__GGB9634|s__GGB9634_SGB15095|t__SGB15095","Bacteria","Firmicutes","Clostridia","Eubacteriales","Oscillospiraceae","GGB9634","GGB9634_SGB15095","2|1239|186801|186802|216572|||"
"SGB15103",0.442428260024013,TRUE,0.115483060095331,0.001,50,11,TRUE,"host_specific + individualized","k__Bacteria|p__Firmicutes|c__Clostridia|o__Eubacteriales|f__Oscillospiraceae|g__GGB9634|s__GGB9634_SGB15103|t__SGB15103","Bacteria","Firmicutes","Clostridia","Eubacteriales","Oscillospiraceae","GGB9634","GGB9634_SGB15103","2|1239|186801|186802|216572|||"
"SGB15115",0.232732442566429,FALSE,0.146544149233839,0.016,5,8,TRUE,"host_specific + non_individualized","k__Bacteria|p__Firmicutes|c__Clostridia|o__Eubacteriales|f__Oscillospiraceae|g__GGB9640|s__GGB9640_SGB15115|t__SGB15115","Bacteria","Firmicutes","Clostridia","Eubacteriales","Oscillospiraceae","GGB9640","GGB9640_SGB15115","2|1239|186801|186802|216572|||"
"SGB15145",0.530309501665407,TRUE,0.17783769435351,0.001,8,19,TRUE,"host_specific + individualized","k__Bacteria|p__Firmicutes|c__Clostridia|o__Eubacteriales|f__Eubacteriales_unclassified|g__Flintibacter|s__Flintibacter_SGB15145|t__SGB15145","Bacteria","Firmicutes","Clostridia","Eubacteriales","Eubacteriales_unclassified","Flintibacter","Flintibacter_SGB15145","2|1239|186801|186802||1918454||"
"SGB15224",0.246625060261295,FALSE,0.479934054656363,0.001,29,28,TRUE,"host_specific + non_individualized","k__Bacteria|p__Firmicutes|c__Clostridia|o__Eubacteriales|f__Oscillospiraceae|g__GGB143497|s__GGB143497_SGB15224|t__SGB15224","Bacteria","Firmicutes","Clostridia","Eubacteriales","Oscillospiraceae","GGB143497","GGB143497_SGB15224","2|1239|186801|186802|216572|||"
"SGB15229",0.370135271037316,TRUE,0.181098103238092,0.001,20,25,TRUE,"host_specific + individualized","k__Bacteria|p__Firmicutes|c__Clostridia|o__Eubacteriales|f__Oscillospiraceae|g__GGB9707|s__GGB9707_SGB15229|t__SGB15229","Bacteria","Firmicutes","Clostridia","Eubacteriales","Oscillospiraceae","GGB9707","GGB9707_SGB15229","2|1239|186801|186802|216572|||"
"SGB15236",0.182837095149241,FALSE,0.319236607095792,0.001,51,28,TRUE,"host_specific + non_individualized","k__Bacteria|p__Firmicutes|c__Clostridia|o__Eubacteriales|f__Oscillospiraceae|g__GGB9708|s__GGB9708_SGB15236|t__SGB15236","Bacteria","Firmicutes","Clostridia","Eubacteriales","Oscillospiraceae","GGB9708","GGB9708_SGB15236","2|1239|186801|186802|216572|||"
"SGB15249",0.136572968843677,FALSE,0.491847561666018,0.001,61,33,TRUE,"host_specific + non_individualized","k__Bacteria|p__Firmicutes|c__Clostridia|o__Eubacteriales|f__Oscillospiraceae|g__Oscillibacter|s__Oscillibacter_sp_MSJ_31|t__SGB15249","Bacteria","Firmicutes","Clostridia","Eubacteriales","Oscillospiraceae","Oscillibacter","Oscillibacter_sp_MSJ_31","2|1239|186801|186802|216572|459786|2841526|"
"SGB15254",0.20100385933933,FALSE,0.106033116508813,0.001,33,40,TRUE,"host_specific + non_individualized","k__Bacteria|p__Firmicutes|c__Clostridia|o__Eubacteriales|f__Oscillospiraceae|g__Oscillibacter|s__Oscillibacter_sp_ER4|t__SGB15254","Bacteria","Firmicutes","Clostridia","Eubacteriales","Oscillospiraceae","Oscillibacter","Oscillibacter_sp_ER4","2|1239|186801|186802|216572|459786|1519439|"
"SGB15256",0.32606963883532,FALSE,0.178961998915974,0.001,43,19,TRUE,"host_specific + non_individualized","k__Bacteria|p__Firmicutes|c__Clostridia|o__Eubacteriales|f__Oscillospiraceae|g__Oscillospiraceae_unclassified|s__Oscillospiraceae_unclassified_SGB15256|t__SGB15256","Bacteria","Firmicutes","Clostridia","Eubacteriales","Oscillospiraceae","Oscillospiraceae_unclassified","Oscillospiraceae_unclassified_SGB15256","2|1239|186801|186802|216572|||"
"SGB15271",0.624310510892479,TRUE,0.0404141934094207,0.054,5,9,FALSE,"non_host_specific + individualized","k__Bacteria|p__Firmicutes|c__Clostridia|o__Eubacteriales|f__Oscillospiraceae|g__Ruthenibacterium|s__Ruthenibacterium_lactatiformans|t__SGB15271","Bacteria","Firmicutes","Clostridia","Eubacteriales","Oscillospiraceae","Ruthenibacterium","Ruthenibacterium_lactatiformans","2|1239|186801|186802|216572|1905344|1550024|"
"SGB15286",0.483833250857101,TRUE,0.16460850660186,0.001,20,35,TRUE,"host_specific + individualized","k__Bacteria|p__Firmicutes|c__Clostridia|o__Eubacteriales|f__Eubacteriales_incertae_sedis|g__Candidatus_Cibionibacter|s__Candidatus_Cibionibacter_quicibialis|t__SGB15286","Bacteria","Firmicutes","Clostridia","Eubacteriales","Eubacteriales_incertae_sedis","Candidatus_Cibionibacter","Candidatus_Cibionibacter_quicibialis","2|1239|186801|186802|538999|2527773|2500537|"
"SGB15300",0.387011051749508,TRUE,0.147195330445128,0.001,17,32,TRUE,"host_specific + individualized","k__Bacteria|p__Firmicutes|c__Clostridia|o__Eubacteriales|f__Eubacteriales_unclassified|g__Gemmiger|s__Gemmiger_formicilis|t__SGB15300","Bacteria","Firmicutes","Clostridia","Eubacteriales","Eubacteriales_unclassified","Gemmiger","Gemmiger_formicilis","2|1239|186801|186802||204475|745368|"
"SGB15316",0.17333948441713,FALSE,0.440414128624491,0.001,31,40,TRUE,"host_specific + non_individualized","k__Bacteria|p__Firmicutes|c__Clostridia|o__Eubacteriales|f__Oscillospiraceae|g__Faecalibacterium|s__Faecalibacterium_prausnitzii|t__SGB15316","Bacteria","Firmicutes","Clostridia","Eubacteriales","Oscillospiraceae","Faecalibacterium","Faecalibacterium_prausnitzii","2|1239|186801|186802|216572|216851|853|"
"SGB15318",0.410434174235432,TRUE,0.137020804479697,0.001,5,41,TRUE,"host_specific + individualized","k__Bacteria|p__Firmicutes|c__Clostridia|o__Eubacteriales|f__Oscillospiraceae|g__Faecalibacterium|s__Faecalibacterium_prausnitzii|t__SGB15318","Bacteria","Firmicutes","Clostridia","Eubacteriales","Oscillospiraceae","Faecalibacterium","Faecalibacterium_prausnitzii","2|1239|186801|186802|216572|216851|853|"
"SGB15332",0.0667931776224578,FALSE,0.521799505226907,0.001,40,41,TRUE,"host_specific + non_individualized","k__Bacteria|p__Firmicutes|c__Clostridia|o__Eubacteriales|f__Oscillospiraceae|g__Faecalibacterium|s__Faecalibacterium_prausnitzii|t__SGB15332","Bacteria","Firmicutes","Clostridia","Eubacteriales","Oscillospiraceae","Faecalibacterium","Faecalibacterium_prausnitzii","2|1239|186801|186802|216572|216851|853|"
"SGB15340",0.209381965640293,FALSE,0.3157365654776,0.001,40,24,TRUE,"host_specific + non_individualized","k__Bacteria|p__Firmicutes|c__Clostridia|o__Eubacteriales|f__Oscillospiraceae|g__Faecalibacterium|s__Faecalibacterium_wellingii|t__SGB15340","Bacteria","Firmicutes","Clostridia","Eubacteriales","Oscillospiraceae","Faecalibacterium","Faecalibacterium_wellingii","2|1239|186801|186802|216572|216851|2929491|"
"SGB15342",0.276781192139959,FALSE,0.330771911805755,0.001,9,41,TRUE,"host_specific + non_individualized","k__Bacteria|p__Firmicutes|c__Clostridia|o__Eubacteriales|f__Oscillospiraceae|g__Faecalibacterium|s__Faecalibacterium_prausnitzii|t__SGB15342","Bacteria","Firmicutes","Clostridia","Eubacteriales","Oscillospiraceae","Faecalibacterium","Faecalibacterium_prausnitzii","2|1239|186801|186802|216572|216851|853|"
"SGB15355",0.458482364457563,TRUE,4.26305888499012e-05,0.422,44,6,FALSE,"non_host_specific + individualized","k__Bacteria|p__Firmicutes|c__CFGB3062|o__OFGB3062|f__FGB3062|g__GGB9747|s__GGB9747_SGB15355|t__SGB15355","Bacteria","Firmicutes","CFGB3062","OFGB3062","FGB3062","GGB9747","GGB9747_SGB15355","2|1239||||||"
"SGB15467",0.372168370917178,TRUE,0.0920996305620996,0.001,27,16,TRUE,"host_specific + individualized","k__Bacteria|p__Thermodesulfobacteriota|c__Desulfovibrionia|o__Desulfovibrionales|f__Desulfovibrionaceae|g__Desulfovibrio|s__Desulfovibrio_piger|t__SGB15467","Bacteria","Thermodesulfobacteriota","Desulfovibrionia","Desulfovibrionales","Desulfovibrionaceae","Desulfovibrio","Desulfovibrio_piger","2|200940|3031449|213115|194924|872|901|"
"SGB1613",0.0596575643897326,FALSE,0.0330610048605467,0.001,60,29,TRUE,"host_specific + non_individualized","k__Bacteria|p__Bacteroidota|c__Bacteroidia|o__Bacteroidales|f__Prevotellaceae|g__Segatella|s__Segatella_brunsvicensis|t__SGB1613","Bacteria","Bacteroidota","Bacteroidia","Bacteroidales","Prevotellaceae","Segatella","Segatella_brunsvicensis","2|976|200643|171549|171552|2974251|165179|"
"SGB1614",0.385419821174818,TRUE,0.00659595240893851,0.014,48,14,TRUE,"host_specific + individualized","k__Bacteria|p__Bacteroidota|c__Bacteroidia|o__Bacteroidales|f__Prevotellaceae|g__Segatella|s__Segatella_sanihominis|t__SGB1614","Bacteria","Bacteroidota","Bacteroidia","Bacteroidales","Prevotellaceae","Segatella","Segatella_sanihominis","2|976|200643|171549|171552|2974251|165179|"
"SGB1617",0.0269344378718784,FALSE,0.113354873740326,0.001,59,12,TRUE,"host_specific + non_individualized","k__Bacteria|p__Bacteroidota|c__Bacteroidia|o__Bacteroidales|f__Prevotellaceae|g__Segatella|s__Segatella_hominis|t__SGB1617","Bacteria","Bacteroidota","Bacteroidia","Bacteroidales","Prevotellaceae","Segatella","Segatella_hominis","2|976|200643|171549|171552|2974251|2518605|"
"SGB1626",0.0324886691823578,FALSE,0.292164212341333,0.001,60,38,TRUE,"host_specific + non_individualized","k__Bacteria|p__Bacteroidota|c__Bacteroidia|o__Bacteroidales|f__Prevotellaceae|g__Segatella|s__Segatella_copri|t__SGB1626","Bacteria","Bacteroidota","Bacteroidia","Bacteroidales","Prevotellaceae","Segatella","Segatella_copri","2|976|200643|171549|171552|2974251|165179|"
"SGB1636",6.81509674808399e-05,FALSE,0.0361782887271352,0.001,71,19,TRUE,"host_specific + non_individualized","k__Bacteria|p__Bacteroidota|c__Bacteroidia|o__Bacteroidales|f__Prevotellaceae|g__Segatella|s__Segatella_brasiliensis|t__SGB1636","Bacteria","Bacteroidota","Bacteroidia","Bacteroidales","Prevotellaceae","Segatella","Segatella_brasiliensis","2|976|200643|171549|171552|2974251|165179|"
"SGB1644",0.176940957936528,FALSE,0.0174250569317067,0.001,81,33,TRUE,"host_specific + non_individualized","k__Bacteria|p__Bacteroidota|c__Bacteroidia|o__Bacteroidales|f__Prevotellaceae|g__Segatella|s__Segatella_sinensis|t__SGB1644","Bacteria","Bacteroidota","Bacteroidia","Bacteroidales","Prevotellaceae","Segatella","Segatella_sinensis","2|976|200643|171549|171552|2974251|165179|"
"SGB1657",0.239431888932466,FALSE,0.00075115116141311,0.102,57,21,FALSE,"non_host_specific + non_individualized","k__Bacteria|p__Bacteroidota|c__Bacteroidia|o__Bacteroidales|f__Prevotellaceae|g__GGB1239|s__GGB1239_SGB1657|t__SGB1657","Bacteria","Bacteroidota","Bacteroidia","Bacteroidales","Prevotellaceae","GGB1239","GGB1239_SGB1657","2|976|200643|171549|171552|||"
"SGB1662",0.17625449792398,FALSE,0.0107013501703629,0.001,88,18,TRUE,"host_specific + non_individualized","k__Bacteria|p__Bacteroidota|c__Bacteroidia|o__Bacteroidales|f__Prevotellaceae|g__Prevotella|s__Prevotella_pectinovora|t__SGB1662","Bacteria","Bacteroidota","Bacteroidia","Bacteroidales","Prevotellaceae","Prevotella","Prevotella_pectinovora","2|976|200643|171549|171552|838|1602169|"
"SGB1664",0.110783919540635,FALSE,0.245048792197198,0.004,18,9,TRUE,"host_specific + non_individualized","k__Bacteria|p__Bacteroidota|c__Bacteroidia|o__Bacteroidales|f__Prevotellaceae|g__GGB140995|s__GGB140995_SGB1664|t__SGB1664","Bacteria","Bacteroidota","Bacteroidia","Bacteroidales","Prevotellaceae","GGB140995","GGB140995_SGB1664","2|976|200643|171549|171552|||"
"SGB1666",0.4402723153248,TRUE,0.00204663656728077,0.039,75,32,TRUE,"host_specific + individualized","k__Bacteria|p__Bacteroidota|c__Bacteroidia|o__Bacteroidales|f__Prevotellaceae|g__Prevotella|s__Prevotella_dentalis|t__SGB1666","Bacteria","Bacteroidota","Bacteroidia","Bacteroidales","Prevotellaceae","Prevotella","Prevotella_dentalis","2|976|200643|171549|171552|838|52227|"
"SGB1667",0.566832959764328,TRUE,0.0076779602637147,0.095,25,7,FALSE,"non_host_specific + individualized","k__Bacteria|p__Bacteroidota|c__Bacteroidia|o__Bacteroidales|f__Prevotellaceae|g__GGB1246|s__GGB1246_SGB1667|t__SGB1667","Bacteria","Bacteroidota","Bacteroidia","Bacteroidales","Prevotellaceae","GGB1246","GGB1246_SGB1667","2|976|200643|171549|171552|||"
"SGB1668",0.281538676426171,FALSE,0.0105907380808324,0.001,62,26,TRUE,"host_specific + non_individualized","k__Bacteria|p__Bacteroidota|c__Bacteroidia|o__Bacteroidales|f__Prevotellaceae|g__GGB1247|s__GGB1247_SGB1668|t__SGB1668","Bacteria","Bacteroidota","Bacteroidia","Bacteroidales","Prevotellaceae","GGB1247","GGB1247_SGB1668","2|976|200643|171549|171552|||"
"SGB1671",0.265917339604502,FALSE,0.00176032673754012,0.174,78,23,FALSE,"non_host_specific + non_individualized","k__Bacteria|p__Bacteroidota|c__Bacteroidia|o__Bacteroidales|f__Prevotellaceae|g__Leyella|s__Leyella_SGB1671|t__SGB1671","Bacteria","Bacteroidota","Bacteroidia","Bacteroidales","Prevotellaceae","Leyella","Leyella_SGB1671","2|976|200643|171549|171552|2974265||"
"SGB1673",0.173712558662078,FALSE,0.00101830620230103,0.313,43,12,FALSE,"non_host_specific + non_individualized","k__Bacteria|p__Bacteroidota|c__Bacteroidia|o__Bacteroidales|f__Prevotellaceae|g__Leyella|s__Leyella_stercorea|t__SGB1673","Bacteria","Bacteroidota","Bacteroidia","Bacteroidales","Prevotellaceae","Leyella","Leyella_stercorea","2|976|200643|171549|171552|2974265|363265|"
"SGB1675",0.58785083671477,TRUE,0.00276694970106428,0.273,22,7,FALSE,"non_host_specific + individualized","k__Bacteria|p__Bacteroidota|c__Bacteroidia|o__Bacteroidales|f__Prevotellaceae|g__Prevotella|s__Prevotella_SGB1675|t__SGB1675","Bacteria","Bacteroidota","Bacteroidia","Bacteroidales","Prevotellaceae","Prevotella","Prevotella_SGB1675","2|976|200643|171549|171552|838||"
"SGB1680",0.142307986288332,FALSE,0.0284743588767733,0.001,91,30,TRUE,"host_specific + non_individualized","k__Bacteria|p__Bacteroidota|c__Bacteroidia|o__Bacteroidales|f__Prevotellaceae|g__Leyella|s__Leyella_stercorea|t__SGB1680","Bacteria","Bacteroidota","Bacteroidia","Bacteroidales","Prevotellaceae","Leyella","Leyella_stercorea","2|976|200643|171549|171552|2974265|363265|"
"SGB1701",0.418206756403627,TRUE,-0.0018827609776868,0.796,42,19,FALSE,"non_host_specific + individualized","k__Bacteria|p__Bacteroidota|c__Bacteroidia|o__Bacteroidales|f__Prevotellaceae|g__GGB82047|s__GGB82047_SGB1701|t__SGB1701","Bacteria","Bacteroidota","Bacteroidia","Bacteroidales","Prevotellaceae","GGB82047","GGB82047_SGB1701","2|976|200643|171549|171552|||"
"SGB1705",0.148700718736967,FALSE,0.00265232086426803,0.06,77,15,FALSE,"non_host_specific + non_individualized","k__Bacteria|p__Bacteroidota|c__Bacteroidia|o__Bacteroidales|f__Prevotellaceae|g__Hallella|s__Hallella_faecis|t__SGB1705","Bacteria","Bacteroidota","Bacteroidia","Bacteroidales","Prevotellaceae","Hallella","Hallella_faecis","2|976|200643|171549|171552|52228|2841596|"
"SGB17241",0.651662309711221,TRUE,0.319569309491891,0.001,6,7,TRUE,"host_specific + individualized","k__Bacteria|p__Actinomycetota|c__Actinomycetes|o__Bifidobacteriales|f__Bifidobacteriaceae|g__Bifidobacterium|s__Bifidobacterium_catenulatum|t__SGB17241","Bacteria","Actinomycetota","Actinomycetes","Bifidobacteriales","Bifidobacteriaceae","Bifidobacterium","Bifidobacterium_catenulatum","2|201174|1760|85004|31953|1678|1686|"
"SGB1784",0.0960530988479485,FALSE,0.0676855269722636,0.002,30,24,TRUE,"host_specific + non_individualized","k__Bacteria|p__Bacteroidota|c__Bacteroidia|o__Bacteroidales|f__Odoribacteraceae|g__Butyricimonas|s__Butyricimonas_virosa|t__SGB1784","Bacteria","Bacteroidota","Bacteroidia","Bacteroidales","Odoribacteraceae","Butyricimonas","Butyricimonas_virosa","2|976|200643|171549|1853231|574697|544645|"
"SGB1790",0.295965494914881,FALSE,0.235489454779992,0.001,7,33,TRUE,"host_specific + non_individualized","k__Bacteria|p__Bacteroidota|c__Bacteroidia|o__Bacteroidales|f__Odoribacteraceae|g__Odoribacter|s__Odoribacter_splanchnicus|t__SGB1790","Bacteria","Bacteroidota","Bacteroidia","Bacteroidales","Odoribacteraceae","Odoribacter","Odoribacter_splanchnicus","2|976|200643|171549|1853231|283168|28118|"
"SGB1814",0.149537808146153,FALSE,0.0449618726863731,0.003,27,25,TRUE,"host_specific + non_individualized","k__Bacteria|p__Bacteroidota|c__Bacteroidia|o__Bacteroidales|f__Bacteroidaceae|g__Phocaeicola|s__Phocaeicola_vulgatus|t__SGB1814","Bacteria","Bacteroidota","Bacteroidia","Bacteroidales","Bacteroidaceae","Phocaeicola","Phocaeicola_vulgatus","2|976|200643|171549|815|909656|821|"
"SGB1836",0.280223314994893,FALSE,0.00837324242539772,0.098,15,40,FALSE,"non_host_specific + non_individualized","k__Bacteria|p__Bacteroidota|c__Bacteroidia|o__Bacteroidales|f__Bacteroidaceae|g__Bacteroides|s__Bacteroides_uniformis|t__SGB1836","Bacteria","Bacteroidota","Bacteroidia","Bacteroidales","Bacteroidaceae","Bacteroides","Bacteroides_uniformis","2|976|200643|171549|815|816|820|"
"SGB1855",0.162564347616073,FALSE,0.0112270470696348,0.154,27,5,FALSE,"non_host_specific + non_individualized","k__Bacteria|p__Bacteroidota|c__Bacteroidia|o__Bacteroidales|f__Bacteroidaceae|g__Bacteroides|s__Bacteroides_fragilis|t__SGB1855","Bacteria","Bacteroidota","Bacteroidia","Bacteroidales","Bacteroidaceae","Bacteroides","Bacteroides_fragilis","2|976|200643|171549|815|816|817|"
"SGB1861",0.271568998214009,FALSE,0.047557890298911,0.035,9,19,TRUE,"host_specific + non_individualized","k__Bacteria|p__Bacteroidota|c__Bacteroidia|o__Bacteroidales|f__Bacteroidaceae|g__Bacteroides|s__Bacteroides_thetaiotaomicron|t__SGB1861","Bacteria","Bacteroidota","Bacteroidia","Bacteroidales","Bacteroidaceae","Bacteroides","Bacteroides_thetaiotaomicron","2|976|200643|171549|815|816|818|"
"SGB1867",0.247782850295243,FALSE,0.0071716482299875,0.188,6,29,FALSE,"non_host_specific + non_individualized","k__Bacteria|p__Bacteroidota|c__Bacteroidia|o__Bacteroidales|f__Bacteroidaceae|g__Bacteroides|s__Bacteroides_xylanisolvens|t__SGB1867","Bacteria","Bacteroidota","Bacteroidia","Bacteroidales","Bacteroidaceae","Bacteroides","Bacteroides_xylanisolvens","2|976|200643|171549|815|816|371601|"
"SGB1883",0.143053586213056,FALSE,0.0350474260425158,0.136,10,7,FALSE,"non_host_specific + non_individualized","k__Bacteria|p__Bacteroidota|c__Bacteroidia|o__Bacteroidales|f__Bacteroidaceae|g__GGB1380|s__GGB1380_SGB1883|t__SGB1883","Bacteria","Bacteroidota","Bacteroidia","Bacteroidales","Bacteroidaceae","GGB1380","GGB1380_SGB1883","2|976|200643|171549|815|||"
"SGB1903",0.459889054159487,TRUE,0.159604832155541,0.001,7,10,TRUE,"host_specific + individualized","k__Bacteria|p__Bacteroidota|c__Bacteroidia|o__Bacteroidales|f__Bacteroidaceae|g__Phocaeicola|s__Phocaeicola_plebeius|t__SGB1903","Bacteria","Bacteroidota","Bacteroidia","Bacteroidales","Bacteroidaceae","Phocaeicola","Phocaeicola_plebeius","2|976|200643|171549|815|909656|310297|"
"SGB1934",0.130188754085373,FALSE,0.143000237353114,0.001,16,36,TRUE,"host_specific + non_individualized","k__Bacteria|p__Bacteroidota|c__Bacteroidia|o__Bacteroidales|f__Tannerellaceae|g__Parabacteroides|s__Parabacteroides_distasonis|t__SGB1934","Bacteria","Bacteroidota","Bacteroidia","Bacteroidales","Tannerellaceae","Parabacteroides","Parabacteroides_distasonis","2|976|200643|171549|2005525|375288|823|"
"SGB1949",0.185854677444246,FALSE,0.0181925433825519,0.046,9,30,TRUE,"host_specific + non_individualized","k__Bacteria|p__Bacteroidota|c__Bacteroidia|o__Bacteroidales|f__Tannerellaceae|g__Parabacteroides|s__Parabacteroides_merdae|t__SGB1949","Bacteria","Bacteroidota","Bacteroidia","Bacteroidales","Tannerellaceae","Parabacteroides","Parabacteroides_merdae","2|976|200643|171549|2005525|375288|46503|"
"SGB20148",0.529942241705711,TRUE,-7.40568897710236e-05,0.46,26,8,FALSE,"non_host_specific + individualized","k__Bacteria|p__Bacteroidota|c__Bacteroidia|o__Bacteroidales|f__Prevotellaceae|g__GGB12982|s__GGB12982_SGB20148|t__SGB20148","Bacteria","Bacteroidota","Bacteroidia","Bacteroidales","Prevotellaceae","GGB12982","GGB12982_SGB20148","2|976|200643|171549|171552|||"
"SGB2021",0.106602160932529,FALSE,0.0110248914890695,0.001,91,20,TRUE,"host_specific + non_individualized","k__Bacteria|p__Bacteroidota|c__Bacteroidia|o__Bacteroidales|f__Muribaculaceae|g__GGB1458|s__GGB1458_SGB2021|t__SGB2021","Bacteria","Bacteroidota","Bacteroidia","Bacteroidales","Muribaculaceae","GGB1458","GGB1458_SGB2021","2|976|200643|171549|2005473|||"
"SGB2071",0.56632074636041,TRUE,0.00611901301098416,0.016,24,32,TRUE,"host_specific + individualized","k__Bacteria|p__Bacteroidota|c__CFGB629|o__OFGB629|f__FGB629|g__GGB1495|s__GGB1495_SGB2071|t__SGB2071","Bacteria","Bacteroidota","CFGB629","OFGB629","FGB629","GGB1495","GGB1495_SGB2071","2|976||||||"
"SGB2076",0.483932537392455,TRUE,0.00177355963980896,0.27,30,12,FALSE,"non_host_specific + individualized","k__Bacteria|p__Bacteroidota|c__Bacteroidia|o__Bacteroidales|f__Muribaculaceae|g__GGB1497|s__GGB1497_SGB2076|t__SGB2076","Bacteria","Bacteroidota","Bacteroidia","Bacteroidales","Muribaculaceae","GGB1497","GGB1497_SGB2076","2|976|200643|171549|2005473|||"
"SGB2212",0.528855417161345,TRUE,0.0076723903101763,0.003,64,7,TRUE,"host_specific + individualized","k__Bacteria|p__Bacteroidota|c__CFGB653|o__OFGB653|f__FGB653|g__GGB1615|s__GGB1615_SGB2212|t__SGB2212","Bacteria","Bacteroidota","CFGB653","OFGB653","FGB653","GGB1615","GGB1615_SGB2212","2|976||||||"
"SGB2214",0.550277644758685,TRUE,-0.000167752852096914,0.439,50,11,FALSE,"non_host_specific + individualized","k__Bacteria|p__Bacteroidota|c__CFGB74620|o__OFGB74620|f__FGB74620|g__GGB1617|s__GGB1617_SGB2214|t__SGB2214","Bacteria","Bacteroidota","CFGB74620","OFGB74620","FGB74620","GGB1617","GGB1617_SGB2214","2|976||||||"
"SGB2227",0.244840794816457,FALSE,-0.000898157094525898,0.513,46,21,FALSE,"non_host_specific + non_individualized","k__Bacteria|p__Bacteroidota|c__CFGB658|o__OFGB658|f__FGB658|g__GGB1627|s__GGB1627_SGB2227|t__SGB2227","Bacteria","Bacteroidota","CFGB658","OFGB658","FGB658","GGB1627","GGB1627_SGB2227","2|976||||||"
"SGB2230",0.261436347735946,FALSE,0.0348631245875846,0.001,74,28,TRUE,"host_specific + non_individualized","k__Bacteria|p__Bacteroidota|c__CFGB658|o__OFGB658|f__FGB658|g__GGB1627|s__GGB1627_SGB2230|t__SGB2230","Bacteria","Bacteroidota","CFGB658","OFGB658","FGB658","GGB1627","GGB1627_SGB2230","2|976||||||"
"SGB2237",0.292513718369048,FALSE,0.0034103106567398,0.029,81,17,TRUE,"host_specific + non_individualized","k__Bacteria|p__Bacteroidota|c__CFGB11479|o__OFGB11479|f__FGB11479|g__GGB1629|s__GGB1629_SGB2237|t__SGB2237","Bacteria","Bacteroidota","CFGB11479","OFGB11479","FGB11479","GGB1629","GGB1629_SGB2237","2|976||||||"
"SGB2239",0.475864245510893,TRUE,0.00979420060461911,0.001,72,26,TRUE,"host_specific + individualized","k__Bacteria|p__Bacteroidota|c__CFGB11479|o__OFGB11479|f__FGB11479|g__GGB1632|s__GGB1632_SGB2239|t__SGB2239","Bacteria","Bacteroidota","CFGB11479","OFGB11479","FGB11479","GGB1632","GGB1632_SGB2239","2|976||||||"
"SGB2295",0.301498248857578,FALSE,0.100840821978762,0.001,21,29,TRUE,"host_specific + non_individualized","k__Bacteria|p__Bacteroidota|c__Bacteroidia|o__Bacteroidales|f__Rikenellaceae|g__Alistipes|s__Alistipes_shahii|t__SGB2295","Bacteria","Bacteroidota","Bacteroidia","Bacteroidales","Rikenellaceae","Alistipes","Alistipes_shahii","2|976|200643|171549|171550|239759|328814|"
"SGB2301",0.297946595051825,FALSE,0.270285053781247,0.003,7,9,TRUE,"host_specific + non_individualized","k__Bacteria|p__Bacteroidota|c__Bacteroidia|o__Bacteroidales|f__Rikenellaceae|g__Alistipes|s__Alistipes_finegoldii|t__SGB2301","Bacteria","Bacteroidota","Bacteroidia","Bacteroidales","Rikenellaceae","Alistipes","Alistipes_finegoldii","2|976|200643|171549|171550|239759|214856|"
"SGB2303",0.179795028845826,FALSE,0.0225104592021027,0.18,7,15,FALSE,"non_host_specific + non_individualized","k__Bacteria|p__Bacteroidota|c__Bacteroidia|o__Bacteroidales|f__Rikenellaceae|g__Alistipes|s__Alistipes_onderdonkii|t__SGB2303","Bacteria","Bacteroidota","Bacteroidia","Bacteroidales","Rikenellaceae","Alistipes","Alistipes_onderdonkii","2|976|200643|171549|171550|239759|328813|"
"SGB3677",0.288034615764309,FALSE,0.129072287625035,0.001,35,6,TRUE,"host_specific + non_individualized","k__Bacteria|p__Pseudomonadota|c__Gammaproteobacteria|o__Aeromonadales|f__Succinivibrionaceae|g__GGB2734|s__GGB2734_SGB3677|t__SGB3677","Bacteria","Pseudomonadota","Gammaproteobacteria","Aeromonadales","Succinivibrionaceae","GGB2734","GGB2734_SGB3677","2|1224|1236|135624|83763|||"
"SGB372",0.620270607760607,TRUE,0.0047121442715401,0.123,26,8,FALSE,"non_host_specific + individualized","k__Archaea|p__Thermoplasmatota|c__Thermoplasmata|o__Methanomassiliicoccales|f__Methanomassiliicoccaceae|g__GGB267|s__GGB267_SGB372|t__SGB372","Archaea","Thermoplasmatota","Thermoplasmata","Methanomassiliicoccales","Methanomassiliicoccaceae","GGB267","GGB267_SGB372","2157|2283796|183967|1235850|1577788|||"
"SGB385",0.513319508806228,TRUE,0.00166054679799654,0.136,38,14,FALSE,"non_host_specific + individualized","k__Archaea|p__Thermoplasmatota|c__Thermoplasmata|o__Methanomassiliicoccales|f__Methanomethylophilaceae|g__Methanomethylophilus|s__Methanomethylophilus_alvi|t__SGB385","Archaea","Thermoplasmatota","Thermoplasmata","Methanomassiliicoccales","Methanomethylophilaceae","Methanomethylophilus","Methanomethylophilus_alvi","2157|2283796|183967|1235850|2517203|1291539|1291540|"
"SGB39824",0.713483658869174,TRUE,0.00577582119746234,0.183,6,5,FALSE,"non_host_specific + individualized","k__Bacteria|p__Firmicutes|c__CFGB77675|o__OFGB77675|f__FGB77675|g__GGB27521|s__GGB27521_SGB39824|t__SGB39824","Bacteria","Firmicutes","CFGB77675","OFGB77675","FGB77675","GGB27521","GGB27521_SGB39824","2|1239||||||"
"SGB40236",0.665246754326607,TRUE,0.0195578197125111,0.092,9,5,FALSE,"non_host_specific + individualized","k__Bacteria|p__Bacteroidota|c__Bacteroidia|o__Bacteroidales|f__Muribaculaceae|g__GGB13009|s__GGB13009_SGB40236|t__SGB40236","Bacteria","Bacteroidota","Bacteroidia","Bacteroidales","Muribaculaceae","GGB13009","GGB13009_SGB40236","2|976|200643|171549|2005473|||"
"SGB4130",0.629449335441995,TRUE,0.0468279639842195,0.007,13,6,TRUE,"host_specific + individualized","k__Bacteria|p__Firmicutes|c__CFGB1298|o__OFGB1298|f__FGB1298|g__GGB3118|s__GGB3118_SGB4130|t__SGB4130","Bacteria","Firmicutes","CFGB1298","OFGB1298","FGB1298","GGB3118","GGB3118_SGB4130","2|1239||||||"
"SGB4262",0.588311347324053,TRUE,0.131331900211128,0.001,11,19,TRUE,"host_specific + individualized","k__Bacteria|p__Firmicutes|c__Clostridia|o__Eubacteriales|f__Oscillospiraceae|g__Ruminococcus|s__Ruminococcus_bicirculans_ex_Wegman_et_al_2014|t__SGB4262","Bacteria","Firmicutes","Clostridia","Eubacteriales","Oscillospiraceae","Ruminococcus","Ruminococcus_bicirculans_ex_Wegman_et_al_2014","2|1239|186801|186802|216572|1263|1160721|"
"SGB4328",0.271913025360599,FALSE,0.266311009984257,0.001,5,10,TRUE,"host_specific + non_individualized","k__Bacteria|p__Firmicutes|c__Clostridia|o__Eubacteriales|f__Eubacteriaceae|g__GGB3278|s__GGB3278_SGB4328|t__SGB4328","Bacteria","Firmicutes","Clostridia","Eubacteriales","Eubacteriaceae","GGB3278","GGB3278_SGB4328","2|1239|186801|186802|186806|||"
"SGB4367",0.247853705798084,FALSE,0.195700468741527,0.001,69,25,TRUE,"host_specific + non_individualized","k__Bacteria|p__Firmicutes|c__CFGB1354|o__OFGB1354|f__FGB1354|g__GGB3304|s__GGB3304_SGB4367|t__SGB4367","Bacteria","Firmicutes","CFGB1354","OFGB1354","FGB1354","GGB3304","GGB3304_SGB4367","2|1239||||||"
"SGB4422",0.355039997282034,TRUE,0.177386089570909,0.001,12,9,TRUE,"host_specific + individualized","k__Bacteria|p__Firmicutes|c__Clostridia|o__Eubacteriales|f__Oscillospiraceae|g__Ruminococcus|s__Ruminococcus_callidus|t__SGB4422","Bacteria","Firmicutes","Clostridia","Eubacteriales","Oscillospiraceae","Ruminococcus","Ruminococcus_callidus","2|1239|186801|186802|216572|1263|40519|"
"SGB4425",0.350337278831472,TRUE,0.296543626306828,0.001,54,17,TRUE,"host_specific + individualized","k__Bacteria|p__Firmicutes|c__Clostridia|o__Eubacteriales|f__Oscillospiraceae|g__GGB3345|s__GGB3345_SGB4425|t__SGB4425","Bacteria","Firmicutes","Clostridia","Eubacteriales","Oscillospiraceae","GGB3345","GGB3345_SGB4425","2|1239|186801|186802|216572|||"
"SGB4575",0.110579830445826,FALSE,0.374152219616952,0.001,17,10,TRUE,"host_specific + non_individualized","k__Bacteria|p__Firmicutes|c__Clostridia|o__Lachnospirales|f__Lachnospiraceae|g__Dorea|s__Dorea_formicigenerans|t__SGB4575","Bacteria","Firmicutes","Clostridia","Lachnospirales","Lachnospiraceae","Dorea","Dorea_formicigenerans","2|1239|186801|3085636|186803|189330|39486|"
"SGB4581",0.18135551427449,FALSE,0.365910931261467,0.001,29,36,TRUE,"host_specific + non_individualized","k__Bacteria|p__Firmicutes|c__Clostridia|o__Lachnospirales|f__Lachnospiraceae|g__Dorea|s__Dorea_longicatena|t__SGB4581","Bacteria","Firmicutes","Clostridia","Lachnospirales","Lachnospiraceae","Dorea","Dorea_longicatena","2|1239|186801|3085636|186803|189330|88431|"
"SGB4644",0.158523806046317,FALSE,0.317843769214895,0.001,17,11,TRUE,"host_specific + non_individualized","k__Bacteria|p__Firmicutes|c__Clostridia|o__Eubacteriales|f__Clostridiaceae|g__Clostridium|s__Clostridium_sp_AF36_4|t__SGB4644","Bacteria","Firmicutes","Clostridia","Eubacteriales","Clostridiaceae","Clostridium","Clostridium_sp_AF36_4","2|1239|186801|186802|31979|1485|2293015|"
"SGB4670",0.081076321939116,FALSE,0.392546973687762,0.001,35,14,TRUE,"host_specific + non_individualized","k__Bacteria|p__Firmicutes|c__Clostridia|o__Lachnospirales|f__Lachnospiraceae|g__Coprococcus|s__Coprococcus_catus|t__SGB4670","Bacteria","Firmicutes","Clostridia","Lachnospirales","Lachnospiraceae","Coprococcus","Coprococcus_catus","2|1239|186801|3085636|186803|33042|116085|"
"SGB4714",0.214440889379969,FALSE,0.361063954068168,0.001,19,13,TRUE,"host_specific + non_individualized","k__Bacteria|p__Firmicutes|c__Clostridia|o__Eubacteriales|f__Clostridiaceae|g__Clostridium|s__Clostridium_SGB4714|t__SGB4714","Bacteria","Firmicutes","Clostridia","Eubacteriales","Clostridiaceae","Clostridium","Clostridium_SGB4714","2|1239|186801|186802|31979|1485||"
"SGB4767",0.473447677329887,TRUE,0.353983249236287,0.001,17,22,TRUE,"host_specific + individualized","k__Bacteria|p__Firmicutes|c__Clostridia|o__Eubacteriales|f__Clostridiaceae|g__Clostridiaceae_unclassified|s__Clostridiaceae_bacterium_AF18_31LB|t__SGB4767","Bacteria","Firmicutes","Clostridia","Eubacteriales","Clostridiaceae","Clostridiaceae_unclassified","Clostridiaceae_bacterium_AF18_31LB","2|1239|186801|186802|31979||2292182|"
"SGB4768",0.413010008016772,TRUE,0.285015187862803,0.001,14,18,TRUE,"host_specific + individualized","k__Bacteria|p__Firmicutes|c__Clostridia|o__Lachnospirales|f__Lachnospiraceae|g__Hominiventricola|s__Hominiventricola_filiformis|t__SGB4768","Bacteria","Firmicutes","Clostridia","Lachnospirales","Lachnospiraceae","Hominiventricola","Hominiventricola_filiformis","2|1239|186801|3085636|186803|3073584|2885352|"
"SGB4868",0.0820716421509072,FALSE,0.259880619367495,0.001,12,5,TRUE,"host_specific + non_individualized","k__Bacteria|p__Firmicutes|c__Clostridia|o__Lachnospirales|f__Lachnospiraceae|g__Oliverpabstia|s__Oliverpabstia_intestinalis|t__SGB4868","Bacteria","Firmicutes","Clostridia","Lachnospirales","Lachnospiraceae","Oliverpabstia","Oliverpabstia_intestinalis","2|1239|186801|3085636|186803|2815777|2606633|"
"SGB4874",0.506127204497564,TRUE,0.356976315641538,0.001,16,22,TRUE,"host_specific + individualized","k__Bacteria|p__Firmicutes|c__Clostridia|o__Lachnospirales|f__Lachnospiraceae|g__Fusicatenibacter|s__Fusicatenibacter_saccharivorans|t__SGB4874","Bacteria","Firmicutes","Clostridia","Lachnospirales","Lachnospiraceae","Fusicatenibacter","Fusicatenibacter_saccharivorans","2|1239|186801|3085636|186803|1407607|1150298|"
"SGB4909",0.199532932715612,FALSE,0.501428930334126,0.001,10,15,TRUE,"host_specific + non_individualized","k__Bacteria|p__Firmicutes|c__Clostridia|o__Lachnospirales|f__Lachnospiraceae|g__Waltera|s__Waltera_SGB4909|t__SGB4909","Bacteria","Firmicutes","Clostridia","Lachnospirales","Lachnospiraceae","Waltera","Waltera_SGB4909","2|1239|186801|3085636|186803|2815781||"
"SGB4910",0.36074002348277,TRUE,0.512767637427017,0.001,24,32,TRUE,"host_specific + individualized","k__Bacteria|p__Firmicutes|c__Clostridia|o__Lachnospirales|f__Lachnospiraceae|g__Simiaoa|s__Simiaoa_sunii|t__SGB4910","Bacteria","Firmicutes","Clostridia","Lachnospirales","Lachnospiraceae","Simiaoa","Simiaoa_sunii","2|1239|186801|3085636|186803|2944193|2763672|"
"SGB4925",0.140318505244394,FALSE,0.486079074144148,0.001,46,37,TRUE,"host_specific + non_individualized","k__Bacteria|p__Firmicutes|c__Clostridia|o__Lachnospirales|f__Lachnospiraceae|g__Roseburia|s__Roseburia_faecis|t__SGB4925","Bacteria","Firmicutes","Clostridia","Lachnospirales","Lachnospiraceae","Roseburia","Roseburia_faecis","2|1239|186801|3085636|186803|841|301302|"
"SGB4933",0.0588956861457723,FALSE,0.581726859703067,0.001,51,42,TRUE,"host_specific + non_individualized","k__Bacteria|p__Firmicutes|c__Clostridia|o__Lachnospirales|f__Lachnospiraceae|g__Agathobacter|s__Agathobacter_rectalis|t__SGB4933","Bacteria","Firmicutes","Clostridia","Lachnospirales","Lachnospiraceae","Agathobacter","Agathobacter_rectalis","2|1239|186801|3085636|186803|1766253|39491|"
"SGB4940",0.197342952332332,FALSE,0.603846289986285,0.001,33,37,TRUE,"host_specific + non_individualized","k__Bacteria|p__Firmicutes|c__Clostridia|o__Lachnospirales|f__Lachnospiraceae|g__Roseburia|s__Roseburia_inulinivorans|t__SGB4940","Bacteria","Firmicutes","Clostridia","Lachnospirales","Lachnospiraceae","Roseburia","Roseburia_inulinivorans","2|1239|186801|3085636|186803|841|360807|"
"SGB5065",0.115043847718909,FALSE,0.427660400380408,0.001,16,13,TRUE,"host_specific + non_individualized","k__Bacteria|p__Firmicutes|c__Clostridia|o__Lachnospirales|f__Lachnospiraceae|g__Eshraghiella|s__Eshraghiella_crossota|t__SGB5065","Bacteria","Firmicutes","Clostridia","Lachnospirales","Lachnospiraceae","Eshraghiella","Eshraghiella_crossota","2|1239|186801|3085636|186803|3342669|45851|"
"SGB5087",0.210778085694891,FALSE,0.345329621429798,0.001,20,9,TRUE,"host_specific + non_individualized","k__Bacteria|p__Firmicutes|c__Clostridia|o__Lachnospirales|f__Lachnospiraceae|g__Lachnospira|s__Lachnospira_hominis_ex_Liu_et_al_2021|t__SGB5087","Bacteria","Firmicutes","Clostridia","Lachnospirales","Lachnospiraceae","Lachnospira","Lachnospira_hominis_ex_Liu_et_al_2021","2|1239|186801|3085636|186803|28050|2763051|"
"SGB5090",0.521522209998562,TRUE,0.308744043958956,0.001,11,14,TRUE,"host_specific + individualized","k__Bacteria|p__Firmicutes|c__Clostridia|o__Lachnospirales|f__Lachnospiraceae|g__Anthropogastromicrobium|s__Anthropogastromicrobium_aceti|t__SGB5090","Bacteria","Firmicutes","Clostridia","Lachnospirales","Lachnospiraceae","Anthropogastromicrobium","Anthropogastromicrobium_aceti","2|1239|186801|3085636|186803|2981630|2981768|"
"SGB5743",0.333765630546256,TRUE,0.047250650657563,0.051,11,11,FALSE,"non_host_specific + individualized","k__Bacteria|p__Firmicutes|c__Negativicutes|o__Acidaminococcales|f__Acidaminococcaceae|g__Acidaminococcus|s__Acidaminococcus_fermentans|t__SGB5743","Bacteria","Firmicutes","Negativicutes","Acidaminococcales","Acidaminococcaceae","Acidaminococcus","Acidaminococcus_fermentans","2|1239|909932|1843488|909930|904|905|"
"SGB5744",0.499586559491759,TRUE,-0.00474529865138096,0.461,11,8,FALSE,"non_host_specific + individualized","k__Bacteria|p__Firmicutes|c__Negativicutes|o__Acidaminococcales|f__Acidaminococcaceae|g__Acidaminococcus|s__Acidaminococcus_fermentans|t__SGB5744","Bacteria","Firmicutes","Negativicutes","Acidaminococcales","Acidaminococcaceae","Acidaminococcus","Acidaminococcus_fermentans","2|1239|909932|1843488|909930|904|905|"
"SGB5763",0.331850915996126,TRUE,0.0418597115437059,0.001,87,35,TRUE,"host_specific + individualized","k__Bacteria|p__Firmicutes|c__Negativicutes|o__Acidaminococcales|f__Acidaminococcaceae|g__Phascolarctobacterium|s__Phascolarctobacterium_succinatutens|t__SGB5763","Bacteria","Firmicutes","Negativicutes","Acidaminococcales","Acidaminococcaceae","Phascolarctobacterium","Phascolarctobacterium_succinatutens","2|1239|909932|1843488|909930|33024|626940|"
"SGB5809",0.349594516818006,TRUE,0.0155385587436047,0.001,44,35,TRUE,"host_specific + individualized","k__Bacteria|p__Firmicutes|c__Negativicutes|o__Veillonellales|f__Veillonellaceae|g__GGB4266|s__GGB4266_SGB5809|t__SGB5809","Bacteria","Firmicutes","Negativicutes","Veillonellales","Veillonellaceae","GGB4266","GGB4266_SGB5809","2|1239|909932|1843489|31977|||"
"SGB5843",0.498819805526407,TRUE,0.0217856637037713,0.076,8,13,FALSE,"non_host_specific + individualized","k__Bacteria|p__Firmicutes|c__Negativicutes|o__Veillonellales|f__Veillonellaceae|g__Allisonella|s__Allisonella_histaminiformans|t__SGB5843","Bacteria","Firmicutes","Negativicutes","Veillonellales","Veillonellaceae","Allisonella","Allisonella_histaminiformans","2|1239|909932|1843489|31977|209879|209880|"
"SGB5862",0.207251753771978,FALSE,0.0104388292997283,0.029,67,15,TRUE,"host_specific + non_individualized","k__Bacteria|p__Firmicutes|c__Negativicutes|o__Veillonellales|f__Veillonellaceae|g__Megasphaera|s__Megasphaera_elsdenii|t__SGB5862","Bacteria","Firmicutes","Negativicutes","Veillonellales","Veillonellaceae","Megasphaera","Megasphaera_elsdenii","2|1239|909932|1843489|31977|906|907|"
"SGB5904",0.19251307301533,FALSE,0.021154905651943,0.044,34,16,TRUE,"host_specific + non_individualized","k__Bacteria|p__Firmicutes|c__Negativicutes|o__Selenomonadales|f__Selenomonadaceae|g__Mitsuokella|s__Mitsuokella_jalaludinii|t__SGB5904","Bacteria","Firmicutes","Negativicutes","Selenomonadales","Selenomonadaceae","Mitsuokella","Mitsuokella_jalaludinii","2|1239|909932|909929|1843491|52225|187979|"
"SGB6276",0.335262037202164,TRUE,0.131554865637209,0.001,9,22,TRUE,"host_specific + individualized","k__Bacteria|p__Firmicutes|c__CFGB1765|o__OFGB1765|f__FGB1765|g__GGB4552|s__GGB4552_SGB6276|t__SGB6276","Bacteria","Firmicutes","CFGB1765","OFGB1765","FGB1765","GGB4552","GGB4552_SGB6276","2|1239||||||"
"SGB6293",0.30646023553141,FALSE,0.0814930152977166,0.048,9,9,TRUE,"host_specific + non_individualized","k__Bacteria|p__Firmicutes|c__CFGB1765|o__OFGB1765|f__FGB1765|g__GGB4559|s__GGB4559_SGB6293|t__SGB6293","Bacteria","Firmicutes","CFGB1765","OFGB1765","FGB1765","GGB4559","GGB4559_SGB6293","2|1239||||||"
"SGB6308",0.291674827020753,FALSE,0.0140871149070582,0.241,6,5,FALSE,"non_host_specific + non_individualized","k__Bacteria|p__Firmicutes|c__CFGB1765|o__OFGB1765|f__FGB1765|g__GGB4567|s__GGB4567_SGB6308|t__SGB6308","Bacteria","Firmicutes","CFGB1765","OFGB1765","FGB1765","GGB4567","GGB4567_SGB6308","2|1239||||||"
"SGB6328",0.393848337973908,TRUE,0.0724708134476728,0.015,11,8,TRUE,"host_specific + individualized","k__Bacteria|p__Firmicutes|c__CFGB1765|o__OFGB1765|f__FGB1765|g__GGB4578|s__GGB4578_SGB6328|t__SGB6328","Bacteria","Firmicutes","CFGB1765","OFGB1765","FGB1765","GGB4578","GGB4578_SGB6328","2|1239||||||"
"SGB6428",0.508285047457598,TRUE,0.106003990716142,0.002,31,5,TRUE,"host_specific + individualized","k__Bacteria|p__Firmicutes|c__CFGB10312|o__OFGB10312|f__FGB10312|g__GGB4644|s__GGB4644_SGB6428|t__SGB6428","Bacteria","Firmicutes","CFGB10312","OFGB10312","FGB10312","GGB4644","GGB4644_SGB6428","2|1239||||||"
"SGB6458",0.621091894323925,TRUE,0.145650217169318,0.002,21,6,TRUE,"host_specific + individualized","k__Bacteria|p__Firmicutes|c__CFGB10325|o__OFGB10325|f__FGB10325|g__GGB4669|s__GGB4669_SGB6458|t__SGB6458","Bacteria","Firmicutes","CFGB10325","OFGB10325","FGB10325","GGB4669","GGB4669_SGB6458","2|1239||||||"
"SGB6478",0.323359020560637,FALSE,0.0907872325833686,0.001,9,13,TRUE,"host_specific + non_individualized","k__Bacteria|p__Firmicutes|c__CFGB1776|o__OFGB1776|f__FGB1776|g__GGB4684|s__GGB4684_SGB6478|t__SGB6478","Bacteria","Firmicutes","CFGB1776","OFGB1776","FGB1776","GGB4684","GGB4684_SGB6478","2|1239||||||"
"SGB6579",0.642772986603663,TRUE,0.0150125331441764,0.057,6,17,FALSE,"non_host_specific + individualized","k__Bacteria|p__Firmicutes|c__CFGB94730|o__OFGB94730|f__FGB94730|g__GGB4750|s__GGB4750_SGB6579|t__SGB6579","Bacteria","Firmicutes","CFGB94730","OFGB94730","FGB94730","GGB4750","GGB4750_SGB6579","2|1239||||||"
"SGB6796",0.368802025324061,TRUE,0.154078487692626,0.001,50,28,TRUE,"host_specific + individualized","k__Bacteria|p__Firmicutes|c__Erysipelotrichia|o__Erysipelotrichales|f__Erysipelotrichaceae|g__Holdemanella|s__Holdemanella_porci|t__SGB6796","Bacteria","Firmicutes","Erysipelotrichia","Erysipelotrichales","Erysipelotrichaceae","Holdemanella","Holdemanella_porci","2|1239|526524|526525|128827|1573535|2652276|"
"SGB6823",0.493001193333731,TRUE,0.000651950785868216,0.356,35,5,FALSE,"non_host_specific + individualized","k__Bacteria|p__Firmicutes|c__CFGB1838|o__OFGB1838|f__FGB1838|g__GGB4884|s__GGB4884_SGB6823|t__SGB6823","Bacteria","Firmicutes","CFGB1838","OFGB1838","FGB1838","GGB4884","GGB4884_SGB6823","2|1239||||||"
"SGB6836",0.439478626644811,TRUE,0.0265987940494194,0.005,29,5,TRUE,"host_specific + individualized","k__Bacteria|p__Firmicutes|c__Erysipelotrichia|o__Erysipelotrichales|f__Erysipelotrichaceae|g__Erysipelotrichaceae_unclassified|s__Erysipelotrichaceae_bacterium_7770_A6|t__SGB6836","Bacteria","Firmicutes","Erysipelotrichia","Erysipelotrichales","Erysipelotrichaceae","Erysipelotrichaceae_unclassified","Erysipelotrichaceae_bacterium_7770_A6","2|1239|526524|526525|128827||2290870|"
"SGB8653",0.52666226498908,TRUE,0.0118670986920888,0.116,33,8,FALSE,"non_host_specific + individualized","k__Bacteria|p__Candidatus_Melainabacteria|c__Candidatus_Melainabacteria_unclassified|o__Candidatus_Gastranaerophilales|f__Candidatus_Gastranaerophilales_unclassified|g__GGB6020|s__GGB6020_SGB8653|t__SGB8653","Bacteria","Candidatus_Melainabacteria","Candidatus_Melainabacteria_unclassified","Candidatus_Gastranaerophilales","Candidatus_Gastranaerophilales_unclassified","GGB6020","GGB6020_SGB8653","2|1798710||1906119||||"
"SGB9243",0.522370887618471,TRUE,0.00129071037708284,0.343,8,5,FALSE,"non_host_specific + individualized","k__Bacteria|p__Pseudomonadota|c__CFGB2394|o__OFGB2394|f__FGB2394|g__GGB6544|s__GGB6544_SGB9243|t__SGB9243","Bacteria","Pseudomonadota","CFGB2394","OFGB2394","FGB2394","GGB6544","GGB6544_SGB9243","2|1224||||||"
"SGB9286",0.374151963926759,TRUE,0.0384953004543492,0.001,13,34,TRUE,"host_specific + individualized","k__Bacteria|p__Pseudomonadota|c__Betaproteobacteria|o__Burkholderiales|f__Sutterellaceae|g__Sutterella|s__Sutterella_wadsworthensis|t__SGB9286","Bacteria","Pseudomonadota","Betaproteobacteria","Burkholderiales","Sutterellaceae","Sutterella","Sutterella_wadsworthensis","2|1224|28216|80840|995019|40544|40545|"
