"SGB","set_membership","in_core_all_three","Kingdom","Phylum","Class","Order","Family","Genus","Species"
"SGB10068","core_all_three",TRUE,"Bacteria","Pseudomonadota","Gammaproteobacteria","Enterobacterales","Enterobacteriaceae","Escherichia","Escherichia_coli"
"SGB10115_group","core_all_three",TRUE,"Bacteria","Pseudomonadota","Gammaproteobacteria","Enterobacterales","Enterobacteriaceae","Klebsiella","Klebsiella_pneumoniae"
"SGB1024","core_all_three",TRUE,"Bacteria","Mycoplasmatota","CFGB4690","OFGB4690","FGB4690","GGB781","GGB781_SGB1024"
"SGB118835","core_all_three",TRUE,"Bacteria","Firmicutes","CFGB3023","OFGB3023","FGB3023","GGB85029","GGB85029_SGB118835"
"SGB13972","core_all_three",TRUE,"Bacteria","Firmicutes","CFGB2833","OFGB2833","FGB2833","GGB9057","GGB9057_SGB13972"
"SGB13976","core_all_three",TRUE,"Bacteria","Firmicutes","CFGB73062","OFGB73062","FGB73062","GGB9059","GGB9059_SGB13976"
"SGB13982","core_all_three",TRUE,"Bacteria","Firmicutes","CFGB2834","OFGB2834","FGB2834","GGB9063","GGB9063_SGB13982"
"SGB14011","core_all_three",TRUE,"Bacteria","Firmicutes","CFGB94770","OFGB94770","FGB94770","GGB9083","GGB9083_SGB14011"
"SGB14124","core_all_three",TRUE,"Bacteria","Firmicutes","CFGB2881","OFGB2881","FGB2881","GGB9185","GGB9185_SGB14124"
"SGB14136","core_all_three",TRUE,"Bacteria","Firmicutes","CFGB2889","OFGB2889","FGB2889","GGB9197","GGB9197_SGB14136"
"SGB14193","core_all_three",TRUE,"Bacteria","Firmicutes","CFGB73223","OFGB73223","FGB73223","GGB9249","GGB9249_SGB14193"
"SGB14209","core_all_three",TRUE,"Bacteria","Firmicutes","CFGB2932","OFGB2932","FGB2932","GGB9261","GGB9261_SGB14209"
"SGB14215","core_all_three",TRUE,"Bacteria","Firmicutes","CFGB2936","OFGB2936","FGB2936","GGB9266","GGB9266_SGB14215"
"SGB14252","core_all_three",TRUE,"Bacteria","Firmicutes","CFGB4605","OFGB4605","FGB4605","GGB13404","GGB13404_SGB14252"
"SGB14253","core_all_three",TRUE,"Bacteria","Firmicutes","CFGB9272","OFGB9272","FGB9272","GGB9296","GGB9296_SGB14253"
"SGB14263","core_all_three",TRUE,"Bacteria","Firmicutes","CFGB2960","OFGB2960","FGB2960","GGB9302","GGB9302_SGB14263"
"SGB14291","core_all_three",TRUE,"Bacteria","Firmicutes","CFGB8294","OFGB8294","FGB8294","GGB9328","GGB9328_SGB14291"
"SGB14306","core_all_three",TRUE,"Bacteria","Firmicutes","CFGB2982","OFGB2982","FGB2982","GGB9342","GGB9342_SGB14306"
"SGB14311","core_all_three",TRUE,"Bacteria","Firmicutes","CFGB9345","OFGB9345","FGB9345","GGB9345","GGB9345_SGB14311"
"SGB14313","core_all_three",TRUE,"Bacteria","Firmicutes","CFGB2984","OFGB2984","FGB2984","GGB9347","GGB9347_SGB14313"
"SGB14317","core_all_three",TRUE,"Bacteria","Firmicutes","CFGB82250","OFGB82250","FGB82250","GGB9350","GGB9350_SGB14317"
"SGB14351","core_all_three",TRUE,"Bacteria","Actinomycetota","Coriobacteriia","Coriobacteriales","Coriobacteriaceae","GGB9370","GGB9370_SGB14351"
"SGB14370","core_all_three",TRUE,"Bacteria","Actinomycetota","Coriobacteriia","Coriobacteriales","Atopobiaceae","Paratractidigestivibacter","Paratractidigestivibacter_faecalis"
"SGB14379","core_all_three",TRUE,"Bacteria","Actinomycetota","Coriobacteriia","Coriobacteriales","Atopobiaceae","Parolsenella","Parolsenella_catena"
"SGB14397","core_all_three",TRUE,"Bacteria","Actinomycetota","Coriobacteriia","Coriobacteriales","Coriobacteriaceae","Collinsella","Collinsella_bouchesdurhonensis"
"SGB144111","core_all_three",TRUE,"Bacteria","Firmicutes","CFGB94833","OFGB94833","FGB94833","GGB101072","GGB101072_SGB144111"
"SGB14535_group","core_all_three",TRUE,"Bacteria","Actinomycetota","Coriobacteriia","Coriobacteriales","Coriobacteriaceae","Collinsella","Collinsella_aerofaciens"
"SGB146207","core_all_three",TRUE,"Bacteria","Firmicutes","Clostridia","Peptostreptococcales","Peptostreptococcaceae","GGB4456","GGB4456_SGB146207"
"SGB14773","core_all_three",TRUE,"Bacteria","Actinomycetota","Coriobacteriia","Eggerthellales","Eggerthellaceae","Slackia","Slackia_isoflavoniconvertens"
"SGB14816","core_all_three",TRUE,"Bacteria","Actinomycetota","Coriobacteriia","Eggerthellales","Eggerthellaceae","Ellagibacter","Ellagibacter_isourolithinifaciens"
"SGB14834","core_all_three",TRUE,"Bacteria","Firmicutes","CFGB2997","OFGB2997","FGB2997","GGB9444","GGB9444_SGB14834"
"SGB14861","core_all_three",TRUE,"Bacteria","Firmicutes","Clostridia","Eubacteriales","Oscillospiraceae","Hominenteromicrobium","Hominenteromicrobium_mulieris"
"SGB14899","core_all_three",TRUE,"Bacteria","Firmicutes","CFGB3023","OFGB3023","FGB3023","GGB9502","GGB9502_SGB14899"
"SGB14912","core_all_three",TRUE,"Bacteria","Firmicutes","Bacillota_unclassified","Bacillota_unclassified","Bacillota_unclassified","Negativibacillus","Negativibacillus_massiliensis"
"SGB14937","core_all_three",TRUE,"Bacteria","Firmicutes","CFGB3038","OFGB3038","FGB3038","GGB9534","GGB9534_SGB14937"
"SGB14960","core_all_three",TRUE,"Bacteria","Firmicutes","Clostridia","Eubacteriales","Oscillospiraceae","Yanshouia","Yanshouia_SGB14960"
"SGB14963","core_all_three",TRUE,"Bacteria","Firmicutes","Clostridia","Eubacteriales","Oscillospiraceae","Anaerotruncus","Anaerotruncus_colihominis"
"SGB14969","core_all_three",TRUE,"Bacteria","Firmicutes","CFGB3048","OFGB3048","FGB3048","GGB9559","GGB9559_SGB14969"
"SGB14974","core_all_three",TRUE,"Bacteria","Firmicutes","Clostridia","Eubacteriales","Eubacteriales_unclassified","Intestinimonas","Intestinimonas_sp_MSJ_38"
"SGB14980","core_all_three",TRUE,"Bacteria","Firmicutes","Clostridia","Eubacteriales","Butyricicoccaceae","Butyricicoccus","Butyricicoccus_intestinisimiae"
"SGB14993","core_all_three",TRUE,"Bacteria","Firmicutes","Clostridia","Eubacteriales","Butyricicoccaceae","Agathobaculum","Agathobaculum_butyriciproducens"
"SGB15019","core_all_three",TRUE,"Bacteria","Firmicutes","Clostridia","Eubacteriales","Oscillospiraceae","Pseudoflavonifractor","Pseudoflavonifractor_SGB15019"
"SGB15031","core_all_three",TRUE,"Bacteria","Firmicutes","Clostridia","Eubacteriales","Oscillospiraceae","GGB9602","GGB9602_SGB15031"
"SGB15035","core_all_three",TRUE,"Bacteria","Firmicutes","Clostridia","Eubacteriales","Oscillospiraceae","GGB9603","GGB9603_SGB15035"
"SGB15051","core_all_three",TRUE,"Bacteria","Firmicutes","Clostridia","Eubacteriales","Oscillospiraceae","Dysosmobacter","Dysosmobacter_SGB15051"
"SGB15053","core_all_three",TRUE,"Bacteria","Firmicutes","Clostridia","Eubacteriales","Oscillospiraceae","Dysosmobacter","Dysosmobacter_segnis"
"SGB15065","core_all_three",TRUE,"Bacteria","Firmicutes","Clostridia","Eubacteriales","Oscillospiraceae","GGB9618","GGB9618_SGB15065"
"SGB15081","core_all_three",TRUE,"Bacteria","Firmicutes","Clostridia","Eubacteriales","Oscillospiraceae","GGB9627","GGB9627_SGB15081"
"SGB15085","core_all_three",TRUE,"Bacteria","Firmicutes","Clostridia","Eubacteriales","Oscillospiraceae","Vescimonas","Vescimonas_fastidiosa"
"SGB15086","core_all_three",TRUE,"Bacteria","Firmicutes","Clostridia","Eubacteriales","Oscillospiraceae","Vescimonas","Vescimonas_SGB15086"
"SGB15089","core_all_three",TRUE,"Bacteria","Firmicutes","Clostridia","Eubacteriales","Oscillospiraceae","Vescimonas","Vescimonas_coprocola"
"SGB15090","core_all_three",TRUE,"Bacteria","Firmicutes","Clostridia","Eubacteriales","Oscillospiraceae","Brotocaccenecus","Brotocaccenecus_SGB15090"
"SGB15091","core_all_three",TRUE,"Bacteria","Firmicutes","Clostridia","Eubacteriales","Oscillospiraceae","Brotocaccenecus","Brotocaccenecus_cirricatena"
"SGB15097","core_all_three",TRUE,"Bacteria","Firmicutes","Clostridia","Eubacteriales","Oscillospiraceae","GGB9634","GGB9634_SGB15097"
"SGB15101","core_all_three",TRUE,"Bacteria","Firmicutes","Clostridia","Eubacteriales","Oscillospiraceae","GGB9634","GGB9634_SGB15101"
"SGB15103","core_all_three",TRUE,"Bacteria","Firmicutes","Clostridia","Eubacteriales","Oscillospiraceae","GGB9634","GGB9634_SGB15103"
"SGB15106","core_all_three",TRUE,"Bacteria","Firmicutes","Clostridia","Eubacteriales","Oscillospiraceae","GGB9634","GGB9634_SGB15106"
"SGB15111","core_all_three",TRUE,"Bacteria","Firmicutes","Clostridia","Eubacteriales","Oscillospiraceae","GGB9637","GGB9637_SGB15111"
"SGB15115","core_all_three",TRUE,"Bacteria","Firmicutes","Clostridia","Eubacteriales","Oscillospiraceae","GGB9640","GGB9640_SGB15115"
"SGB15119","core_all_three",TRUE,"Bacteria","Firmicutes","Clostridia","Eubacteriales","Oscillospiraceae","GGB9642","GGB9642_SGB15119"
"SGB15126","core_all_three",TRUE,"Bacteria","Firmicutes","Clostridia","Eubacteriales","Eubacteriales_unclassified","Intestinimonas","Intestinimonas_butyriciproducens"
"SGB15127","core_all_three",TRUE,"Bacteria","Firmicutes","Clostridia","Eubacteriales","Eubacteriales_unclassified","Intestinimonas","Intestinimonas_massiliensis_ex_Afouda_et_al_2020"
"SGB15131","core_all_three",TRUE,"Bacteria","Firmicutes","Clostridia","Eubacteriales","Oscillospiraceae","Lawsonibacter","Lawsonibacter_hominis"
"SGB15132","core_all_three",TRUE,"Bacteria","Firmicutes","Clostridia","Eubacteriales","Oscillospiraceae","Flavonifractor","Flavonifractor_plautii"
"SGB15140","core_all_three",TRUE,"Bacteria","Firmicutes","Clostridia","Eubacteriales","Eubacteriales_unclassified","Eubacteriales_unclassified","Clostridiales_bacterium"
"SGB15145","core_all_three",TRUE,"Bacteria","Firmicutes","Clostridia","Eubacteriales","Eubacteriales_unclassified","Flintibacter","Flintibacter_SGB15145"
"SGB15149","core_all_three",TRUE,"Bacteria","Firmicutes","Clostridia","Eubacteriales","Oscillospiraceae","Pseudoflavonifractor","Pseudoflavonifractor_phocaeensis"
"SGB15195","core_all_three",TRUE,"Bacteria","Firmicutes","CFGB3054","OFGB3054","FGB3054","GGB9690","GGB9690_SGB15195"
"SGB15196","core_all_three",TRUE,"Bacteria","Firmicutes","CFGB3054","OFGB3054","FGB3054","GGB9690","GGB9690_SGB15196"
"SGB15198","core_all_three",TRUE,"Bacteria","Firmicutes","CFGB3054","OFGB3054","FGB3054","GGB9691","GGB9691_SGB15198"
"SGB15213","core_all_three",TRUE,"Bacteria","Firmicutes","Clostridia","Eubacteriales","Oscillospiraceae","GGB9697","GGB9697_SGB15213"
"SGB15216","core_all_three",TRUE,"Bacteria","Firmicutes","Clostridia","Eubacteriales","Oscillospiraceae","GGB9699","GGB9699_SGB15216"
"SGB15224","core_all_three",TRUE,"Bacteria","Firmicutes","Clostridia","Eubacteriales","Oscillospiraceae","GGB143497","GGB143497_SGB15224"
"SGB15225","core_all_three",TRUE,"Bacteria","Firmicutes","Clostridia","Eubacteriales","Oscillospiraceae","Oscillospiraceae_unclassified","Oscillospiraceae_bacterium"
"SGB15229","core_all_three",TRUE,"Bacteria","Firmicutes","Clostridia","Eubacteriales","Oscillospiraceae","GGB9707","GGB9707_SGB15229"
"SGB15236","core_all_three",TRUE,"Bacteria","Firmicutes","Clostridia","Eubacteriales","Oscillospiraceae","GGB9708","GGB9708_SGB15236"
"SGB15237","core_all_three",TRUE,"Bacteria","Firmicutes","Clostridia","Eubacteriales","Oscillospiraceae","GGB9708","GGB9708_SGB15237"
"SGB15238","core_all_three",TRUE,"Bacteria","Firmicutes","Clostridia","Eubacteriales","Oscillospiraceae","GGB13493","GGB13493_SGB15238"
"SGB15242","core_all_three",TRUE,"Bacteria","Firmicutes","CFGB9989","OFGB9989","FGB9989","GGB9712","GGB9712_SGB15242"
"SGB15249","core_all_three",TRUE,"Bacteria","Firmicutes","Clostridia","Eubacteriales","Oscillospiraceae","Oscillibacter","Oscillibacter_sp_MSJ_31"
"SGB15254","core_all_three",TRUE,"Bacteria","Firmicutes","Clostridia","Eubacteriales","Oscillospiraceae","Oscillibacter","Oscillibacter_sp_ER4"
"SGB15256","core_all_three",TRUE,"Bacteria","Firmicutes","Clostridia","Eubacteriales","Oscillospiraceae","Oscillospiraceae_unclassified","Oscillospiraceae_unclassified_SGB15256"
"SGB15265","core_all_three",TRUE,"Bacteria","Firmicutes","CFGB3054","OFGB3054","FGB3054","GGB9715","GGB9715_SGB15265"
"SGB15266","core_all_three",TRUE,"Bacteria","Firmicutes","CFGB3054","OFGB3054","FGB3054","GGB9715","GGB9715_SGB15266"
"SGB15267","core_all_three",TRUE,"Bacteria","Firmicutes","CFGB3054","OFGB3054","FGB3054","GGB9715","GGB9715_SGB15267"
"SGB15271","core_all_three",TRUE,"Bacteria","Firmicutes","Clostridia","Eubacteriales","Oscillospiraceae","Ruthenibacterium","Ruthenibacterium_lactatiformans"
"SGB15278","core_all_three",TRUE,"Bacteria","Firmicutes","Clostridia","Eubacteriales","Oscillospiraceae","GGB9724","GGB9724_SGB15278"
"SGB15286","core_all_three",TRUE,"Bacteria","Firmicutes","Clostridia","Eubacteriales","Eubacteriales_incertae_sedis","Candidatus_Cibionibacter","Candidatus_Cibionibacter_quicibialis"
"SGB15290","core_all_three",TRUE,"Bacteria","Firmicutes","Clostridia","Eubacteriales","Oscillospiraceae","GGB9730","GGB9730_SGB15290"
"SGB15300","core_all_three",TRUE,"Bacteria","Firmicutes","Clostridia","Eubacteriales","Eubacteriales_unclassified","Gemmiger","Gemmiger_formicilis"
"SGB15309_group","core_all_three",TRUE,"Bacteria","Firmicutes","Clostridia","Eubacteriales","Oscillospiraceae","GGB9737","GGB9737_SGB15309"
"SGB15316","core_all_three",TRUE,"Bacteria","Firmicutes","Clostridia","Eubacteriales","Oscillospiraceae","Faecalibacterium","Faecalibacterium_prausnitzii"
"SGB15318","core_all_three",TRUE,"Bacteria","Firmicutes","Clostridia","Eubacteriales","Oscillospiraceae","Faecalibacterium","Faecalibacterium_prausnitzii"
"SGB15323","core_all_three",TRUE,"Bacteria","Firmicutes","Clostridia","Eubacteriales","Oscillospiraceae","Faecalibacterium","Faecalibacterium_prausnitzii"
"SGB15332","core_all_three",TRUE,"Bacteria","Firmicutes","Clostridia","Eubacteriales","Oscillospiraceae","Faecalibacterium","Faecalibacterium_prausnitzii"
"SGB15339","core_all_three",TRUE,"Bacteria","Firmicutes","Clostridia","Eubacteriales","Oscillospiraceae","Faecalibacterium","Faecalibacterium_prausnitzii"
"SGB15340","core_all_three",TRUE,"Bacteria","Firmicutes","Clostridia","Eubacteriales","Oscillospiraceae","Faecalibacterium","Faecalibacterium_wellingii"
"SGB15342","core_all_three",TRUE,"Bacteria","Firmicutes","Clostridia","Eubacteriales","Oscillospiraceae","Faecalibacterium","Faecalibacterium_prausnitzii"
"SGB15355","core_all_three",TRUE,"Bacteria","Firmicutes","CFGB3062","OFGB3062","FGB3062","GGB9747","GGB9747_SGB15355"
"SGB15368","core_all_three",TRUE,"Bacteria","Firmicutes","CFGB79315","OFGB79315","FGB79315","GGB9758","GGB9758_SGB15368"
"SGB15377","core_all_three",TRUE,"Bacteria","Firmicutes","CFGB58251","OFGB58251","FGB58251","GGB9762","GGB9762_SGB15377"
"SGB15384","core_all_three",TRUE,"Bacteria","Firmicutes","CFGB38642","OFGB38642","FGB38642","GGB9767","GGB9767_SGB15384"
"SGB15385","core_all_three",TRUE,"Bacteria","Firmicutes","CFGB38642","OFGB38642","FGB38642","GGB9767","GGB9767_SGB15385"
"SGB15388","core_all_three",TRUE,"Bacteria","Firmicutes","CFGB38642","OFGB38642","FGB38642","GGB9769","GGB9769_SGB15388"
"SGB15393","core_all_three",TRUE,"Bacteria","Firmicutes","CFGB38642","OFGB38642","FGB38642","GGB9773","GGB9773_SGB15393"
"SGB15394","core_all_three",TRUE,"Bacteria","Firmicutes","CFGB3070","OFGB3070","FGB3070","GGB9774","GGB9774_SGB15394"
"SGB15398","core_all_three",TRUE,"Bacteria","Firmicutes","Clostridia","Eubacteriales","Maliibacteriaceae","GGB9778","GGB9778_SGB15398"
"SGB15405","core_all_three",TRUE,"Bacteria","Firmicutes","Clostridia","Eubacteriales","Oscillospiraceae","GGB9783","GGB9783_SGB15405"
"SGB15407","core_all_three",TRUE,"Bacteria","Firmicutes","Clostridia","Eubacteriales","Oscillospiraceae","GGB9784","GGB9784_SGB15407"
"SGB15408","core_all_three",TRUE,"Bacteria","Firmicutes","CFGB73185","OFGB73185","FGB73185","GGB9785","GGB9785_SGB15408"
"SGB15411","core_all_three",TRUE,"Bacteria","Firmicutes","Clostridia","Eubacteriales","Oscillospiraceae","GGB9788","GGB9788_SGB15411"
"SGB15413","core_all_three",TRUE,"Bacteria","Firmicutes","CFGB45503","OFGB45503","FGB45503","GGB9790","GGB9790_SGB15413"
"SGB15452","core_all_three",TRUE,"Bacteria","Thermodesulfobacteriota","Desulfovibrionia","Desulfovibrionales","Desulfovibrionaceae","Bilophila","Bilophila_wadsworthia"
"SGB15467","core_all_three",TRUE,"Bacteria","Thermodesulfobacteriota","Desulfovibrionia","Desulfovibrionales","Desulfovibrionaceae","Desulfovibrio","Desulfovibrio_piger"
"SGB1626","core_all_three",TRUE,"Bacteria","Bacteroidota","Bacteroidia","Bacteroidales","Prevotellaceae","Segatella","Segatella_copri"
"SGB1636","core_all_three",TRUE,"Bacteria","Bacteroidota","Bacteroidia","Bacteroidales","Prevotellaceae","Segatella","Segatella_brasiliensis"
"SGB1644","core_all_three",TRUE,"Bacteria","Bacteroidota","Bacteroidia","Bacteroidales","Prevotellaceae","Segatella","Segatella_sinensis"
"SGB1662","core_all_three",TRUE,"Bacteria","Bacteroidota","Bacteroidia","Bacteroidales","Prevotellaceae","Prevotella","Prevotella_pectinovora"
"SGB1666","core_all_three",TRUE,"Bacteria","Bacteroidota","Bacteroidia","Bacteroidales","Prevotellaceae","Prevotella","Prevotella_dentalis"
"SGB17241","core_all_three",TRUE,"Bacteria","Actinomycetota","Actinomycetes","Bifidobacteriales","Bifidobacteriaceae","Bifidobacterium","Bifidobacterium_catenulatum"
"SGB17244","core_all_three",TRUE,"Bacteria","Actinomycetota","Actinomycetes","Bifidobacteriales","Bifidobacteriaceae","Bifidobacterium","Bifidobacterium_adolescentis"
"SGB17248","core_all_three",TRUE,"Bacteria","Actinomycetota","Actinomycetes","Bifidobacteriales","Bifidobacteriaceae","Bifidobacterium","Bifidobacterium_longum"
"SGB1784","core_all_three",TRUE,"Bacteria","Bacteroidota","Bacteroidia","Bacteroidales","Odoribacteraceae","Butyricimonas","Butyricimonas_virosa"
"SGB1790","core_all_three",TRUE,"Bacteria","Bacteroidota","Bacteroidia","Bacteroidales","Odoribacteraceae","Odoribacter","Odoribacter_splanchnicus"
"SGB1812","core_all_three",TRUE,"Bacteria","Bacteroidota","Bacteroidia","Bacteroidales","Bacteroidaceae","Phocaeicola","Phocaeicola_massiliensis"
"SGB1814","core_all_three",TRUE,"Bacteria","Bacteroidota","Bacteroidia","Bacteroidales","Bacteroidaceae","Phocaeicola","Phocaeicola_vulgatus"
"SGB1829","core_all_three",TRUE,"Bacteria","Bacteroidota","Bacteroidia","Bacteroidales","Bacteroidaceae","Bacteroides","Bacteroides_eggerthii"
"SGB1830","core_all_three",TRUE,"Bacteria","Bacteroidota","Bacteroidia","Bacteroidales","Bacteroidaceae","Bacteroides","Bacteroides_stercoris"
"SGB1832","core_all_three",TRUE,"Bacteria","Bacteroidota","Bacteroidia","Bacteroidales","Bacteroidaceae","Bacteroides","Bacteroides_clarus"
"SGB1836","core_all_three",TRUE,"Bacteria","Bacteroidota","Bacteroidia","Bacteroidales","Bacteroidaceae","Bacteroides","Bacteroides_uniformis"
"SGB1855","core_all_three",TRUE,"Bacteria","Bacteroidota","Bacteroidia","Bacteroidales","Bacteroidaceae","Bacteroides","Bacteroides_fragilis"
"SGB1858","core_all_three",TRUE,"Bacteria","Bacteroidota","Bacteroidia","Bacteroidales","Bacteroidaceae","Bacteroides","Bacteroides_nordii"
"SGB1861","core_all_three",TRUE,"Bacteria","Bacteroidota","Bacteroidia","Bacteroidales","Bacteroidaceae","Bacteroides","Bacteroides_thetaiotaomicron"
"SGB1867","core_all_three",TRUE,"Bacteria","Bacteroidota","Bacteroidia","Bacteroidales","Bacteroidaceae","Bacteroides","Bacteroides_xylanisolvens"
"SGB1871","core_all_three",TRUE,"Bacteria","Bacteroidota","Bacteroidia","Bacteroidales","Bacteroidaceae","Bacteroides","Bacteroides_ovatus"
"SGB1877","core_all_three",TRUE,"Bacteria","Bacteroidota","Bacteroidia","Bacteroidales","Bacteroidaceae","Bacteroides","Bacteroides_caccae"
"SGB1903","core_all_three",TRUE,"Bacteria","Bacteroidota","Bacteroidia","Bacteroidales","Bacteroidaceae","Phocaeicola","Phocaeicola_plebeius"
"SGB1934","core_all_three",TRUE,"Bacteria","Bacteroidota","Bacteroidia","Bacteroidales","Tannerellaceae","Parabacteroides","Parabacteroides_distasonis"
"SGB1949","core_all_three",TRUE,"Bacteria","Bacteroidota","Bacteroidia","Bacteroidales","Tannerellaceae","Parabacteroides","Parabacteroides_merdae"
"SGB1965","core_all_three",TRUE,"Bacteria","Bacteroidota","Bacteroidia","Bacteroidales","Barnesiellaceae","Barnesiella","Barnesiella_intestinihominis"
"SGB2021","core_all_three",TRUE,"Bacteria","Bacteroidota","Bacteroidia","Bacteroidales","Muribaculaceae","GGB1458","GGB1458_SGB2021"
"SGB2071","core_all_three",TRUE,"Bacteria","Bacteroidota","CFGB629","OFGB629","FGB629","GGB1495","GGB1495_SGB2071"
"SGB2227","core_all_three",TRUE,"Bacteria","Bacteroidota","CFGB658","OFGB658","FGB658","GGB1627","GGB1627_SGB2227"
"SGB2230","core_all_three",TRUE,"Bacteria","Bacteroidota","CFGB658","OFGB658","FGB658","GGB1627","GGB1627_SGB2230"
"SGB2239","core_all_three",TRUE,"Bacteria","Bacteroidota","CFGB11479","OFGB11479","FGB11479","GGB1632","GGB1632_SGB2239"
"SGB2295","core_all_three",TRUE,"Bacteria","Bacteroidota","Bacteroidia","Bacteroidales","Rikenellaceae","Alistipes","Alistipes_shahii"
"SGB2296","core_all_three",TRUE,"Bacteria","Bacteroidota","Bacteroidia","Bacteroidales","Rikenellaceae","Alistipes","Alistipes_senegalensis"
"SGB2301","core_all_three",TRUE,"Bacteria","Bacteroidota","Bacteroidia","Bacteroidales","Rikenellaceae","Alistipes","Alistipes_finegoldii"
"SGB2303","core_all_three",TRUE,"Bacteria","Bacteroidota","Bacteroidia","Bacteroidales","Rikenellaceae","Alistipes","Alistipes_onderdonkii"
"SGB2318","core_all_three",TRUE,"Bacteria","Bacteroidota","Bacteroidia","Bacteroidales","Rikenellaceae","Alistipes","Alistipes_putredinis"
"SGB25416","core_all_three",TRUE,"Bacteria","Firmicutes","Clostridia","Eubacteriales","Oscillospiraceae","Anaerotruncus","Anaerotruncus_rubiinfantis"
"SGB3573","core_all_three",TRUE,"Bacteria","Firmicutes","CFGB1011","OFGB1011","FGB1011","GGB2652","GGB2652_SGB3573"
"SGB385","core_all_three",TRUE,"Archaea","Thermoplasmatota","Thermoplasmata","Methanomassiliicoccales","Methanomethylophilaceae","Methanomethylophilus","Methanomethylophilus_alvi"
"SGB3926_group","core_all_three",TRUE,"Bacteria","Firmicutes","Clostridia","Peptostreptococcales","Anaerovoracaceae","Mogibacterium","Mogibacterium_kristiansenii"
"SGB3940","core_all_three",TRUE,"Bacteria","Firmicutes","CFGB1201","OFGB1201","FGB1201","GGB2958","GGB2958_SGB3940"
"SGB3957","core_all_three",TRUE,"Bacteria","Firmicutes","Clostridia","Eubacteriales","Eubacteriales_Family_XIII_Incertae_Sedis","Lentihominibacter","Lentihominibacter_faecis"
"SGB3958","core_all_three",TRUE,"Bacteria","Firmicutes","Clostridia","Eubacteriales","Eubacteriaceae","Eubacteriaceae_unclassified","Eubacteriaceae_bacterium"
"SGB3964","core_all_three",TRUE,"Bacteria","Firmicutes","CFGB1217","OFGB1217","FGB1217","GGB2982","GGB2982_SGB3964"
"SGB3965","core_all_three",TRUE,"Bacteria","Firmicutes","CFGB1218","OFGB1218","FGB1218","GGB2983","GGB2983_SGB3965"
"SGB3983","core_all_three",TRUE,"Bacteria","Firmicutes","Bacillota_unclassified","Bacillota_unclassified","Bacillota_unclassified","Bacillota_unclassified","Bacillota_unclassified_SGB3983"
"SGB4037","core_all_three",TRUE,"Bacteria","Firmicutes","Erysipelotrichia","Erysipelotrichales","Erysipelotrichaceae","Erysipelotrichaceae_unclassified","Clostridium_innocuum"
"SGB4130","core_all_three",TRUE,"Bacteria","Firmicutes","CFGB1298","OFGB1298","FGB1298","GGB3118","GGB3118_SGB4130"
"SGB4155","core_all_three",TRUE,"Bacteria","Firmicutes","CFGB84123","OFGB84123","FGB84123","GGB3142","GGB3142_SGB4155"
"SGB4191","core_all_three",TRUE,"Bacteria","Firmicutes","Clostridia","Eubacteriales","Oscillospiraceae","Oscillospiraceae_unclassified","Ruminococcaceae_bacterium_AM53_2BH"
"SGB4212","core_all_three",TRUE,"Bacteria","Firmicutes","Clostridia","Eubacteriales","Oscillospiraceae","GGB3189","GGB3189_SGB4212"
"SGB4262","core_all_three",TRUE,"Bacteria","Firmicutes","Clostridia","Eubacteriales","Oscillospiraceae","Ruminococcus","Ruminococcus_bicirculans_ex_Wegman_et_al_2014"
"SGB4272","core_all_three",TRUE,"Bacteria","Firmicutes","Clostridia","Eubacteriales","Oscillospiraceae","Ruminococcus","Ruminococcus_bovis"
"SGB4285","core_all_three",TRUE,"Bacteria","Firmicutes","Clostridia","Eubacteriales","Oscillospiraceae","Ruminococcus","Ruminococcus_bromii"
"SGB4303","core_all_three",TRUE,"Bacteria","Firmicutes","CFGB14936","OFGB14936","FGB14936","GGB3256","GGB3256_SGB4303"
"SGB4328","core_all_three",TRUE,"Bacteria","Firmicutes","Clostridia","Eubacteriales","Eubacteriaceae","GGB3278","GGB3278_SGB4328"
"SGB4367","core_all_three",TRUE,"Bacteria","Firmicutes","CFGB1354","OFGB1354","FGB1354","GGB3304","GGB3304_SGB4367"
"SGB4394","core_all_three",TRUE,"Bacteria","Firmicutes","CFGB1359","OFGB1359","FGB1359","GGB3321","GGB3321_SGB4394"
"SGB4395","core_all_three",TRUE,"Bacteria","Firmicutes","CFGB1359","OFGB1359","FGB1359","GGB3321","GGB3321_SGB4395"
"SGB4406","core_all_three",TRUE,"Bacteria","Firmicutes","CFGB51794","OFGB51794","FGB51794","GGB3328","GGB3328_SGB4406"
"SGB4420","core_all_three",TRUE,"Bacteria","Firmicutes","Clostridia","Eubacteriales","Oscillospiraceae","Ruminococcus","Ruminococcus_callidus"
"SGB4422","core_all_three",TRUE,"Bacteria","Firmicutes","Clostridia","Eubacteriales","Oscillospiraceae","Ruminococcus","Ruminococcus_callidus"
"SGB4425","core_all_three",TRUE,"Bacteria","Firmicutes","Clostridia","Eubacteriales","Oscillospiraceae","GGB3345","GGB3345_SGB4425"
"SGB4435","core_all_three",TRUE,"Bacteria","Firmicutes","CFGB1374","OFGB1374","FGB1374","GGB3351","GGB3351_SGB4435"
"SGB4532","core_all_three",TRUE,"Bacteria","Firmicutes","Clostridia","Lachnospirales","Lachnospiraceae","Anaerobutyricum","Anaerobutyricum_hallii"
"SGB4537","core_all_three",TRUE,"Bacteria","Firmicutes","Clostridia","Lachnospirales","Lachnospiraceae","Anaerobutyricum","Anaerobutyricum_soehngenii"
"SGB4540","core_all_three",TRUE,"Bacteria","Firmicutes","Clostridia","Lachnospirales","Lachnospiraceae","Anaerostipes","Anaerostipes_hadrus"
"SGB4553","core_all_three",TRUE,"Bacteria","Firmicutes","Clostridia","Eubacteriales","Oscillospiraceae","Ruminococcus","Ruminococcus_hominis"
"SGB4563","core_all_three",TRUE,"Bacteria","Firmicutes","Clostridia","Lachnospirales","Lachnospiraceae","Mediterraneibacter","Mediterraneibacter_faecis"
"SGB4571","core_all_three",TRUE,"Bacteria","Firmicutes","Clostridia","Lachnospirales","Lachnospiraceae","Dorea","Dorea_hominis"
"SGB4575","core_all_three",TRUE,"Bacteria","Firmicutes","Clostridia","Lachnospirales","Lachnospiraceae","Dorea","Dorea_formicigenerans"
"SGB4577","core_all_three",TRUE,"Bacteria","Firmicutes","Clostridia","Lachnospirales","Lachnospiraceae","Coprococcus","Coprococcus_comes"
"SGB4581","core_all_three",TRUE,"Bacteria","Firmicutes","Clostridia","Lachnospirales","Lachnospiraceae","Dorea","Dorea_longicatena"
"SGB4583","core_all_three",TRUE,"Bacteria","Firmicutes","Clostridia","Lachnospirales","Lachnospiraceae","Faecalimonas","Faecalimonas_umbilicata"
"SGB4584","core_all_three",TRUE,"Bacteria","Firmicutes","Clostridia","Lachnospirales","Lachnospiraceae","Mediterraneibacter","Mediterraneibacter_gnavus"
"SGB4588","core_all_three",TRUE,"Bacteria","Firmicutes","Clostridia","Lachnospirales","Lachnospiraceae","Coprococcus","Coprococcus_phoceensis"
"SGB4644","core_all_three",TRUE,"Bacteria","Firmicutes","Clostridia","Eubacteriales","Clostridiaceae","Clostridium","Clostridium_sp_AF36_4"
"SGB4648","core_all_three",TRUE,"Bacteria","Firmicutes","Clostridia","Lachnospirales","Lachnospiraceae","Lachnospiraceae_unclassified","Lachnospiraceae_bacterium_AM53_6"
"SGB4652","core_all_three",TRUE,"Bacteria","Firmicutes","Clostridia","Eubacteriales","Clostridiaceae","Clostridium","Clostridium_sp_AM49_4BH"
"SGB4658","core_all_three",TRUE,"Bacteria","Firmicutes","Clostridia","Lachnospirales","Lachnospiraceae","Lachnospiraceae_unclassified","Lachnospiraceae_bacterium_TF08_3AC"
"SGB4670","core_all_three",TRUE,"Bacteria","Firmicutes","Clostridia","Lachnospirales","Lachnospiraceae","Coprococcus","Coprococcus_catus"
"SGB4699","core_all_three",TRUE,"Bacteria","Firmicutes","Clostridia","Lachnospirales","Lachnospiraceae","Lachnoclostridium","Clostridium_symbiosum"
"SGB4705","core_all_three",TRUE,"Bacteria","Firmicutes","Clostridia","Eubacteriales","Clostridiaceae","Clostridium","Clostridium_fessum"
"SGB4706","core_all_three",TRUE,"Bacteria","Firmicutes","Clostridia","Lachnospirales","Lachnospiraceae","Lachnospiraceae_unclassified","Lachnospiraceae_bacterium_AF58_1A"
"SGB4711","core_all_three",TRUE,"Bacteria","Firmicutes","Clostridia","Eubacteriales","Clostridiaceae","Clostridium","Clostridium_sp_AM33_3"
"SGB4714","core_all_three",TRUE,"Bacteria","Firmicutes","Clostridia","Eubacteriales","Clostridiaceae","Clostridium","Clostridium_SGB4714"
"SGB4716","core_all_three",TRUE,"Bacteria","Firmicutes","Clostridia","Eubacteriales","Clostridiaceae","Pilosibacter","Pilosibacter_fragilis"
"SGB4725","core_all_three",TRUE,"Bacteria","Firmicutes","Clostridia","Lachnospirales","Lachnospiraceae","Enterocloster","Enterocloster_lavalensis"
"SGB47358","core_all_three",TRUE,"Bacteria","Firmicutes","CFGB1776","OFGB1776","FGB1776","GGB33665","GGB33665_SGB47358"
"SGB4741","core_all_three",TRUE,"Bacteria","Firmicutes","Clostridia","Lachnospirales","Lachnospiraceae","Hungatella","Hungatella_hathewayi"
"SGB47427","core_all_three",TRUE,"Bacteria","Firmicutes","CFGB94658","OFGB94658","FGB94658","GGB32726","GGB32726_SGB47427"
"SGB4757","core_all_three",TRUE,"Bacteria","Firmicutes","Clostridia","Eubacteriales","Clostridiaceae","Clostridium","Clostridium_sp_1001271st1_H5"
"SGB4758","core_all_three",TRUE,"Bacteria","Firmicutes","Clostridia","Lachnospirales","Lachnospiraceae","Enterocloster","Enterocloster_bolteae"
"SGB4767","core_all_three",TRUE,"Bacteria","Firmicutes","Clostridia","Eubacteriales","Clostridiaceae","Clostridiaceae_unclassified","Clostridiaceae_bacterium_AF18_31LB"
"SGB4768","core_all_three",TRUE,"Bacteria","Firmicutes","Clostridia","Lachnospirales","Lachnospiraceae","Hominiventricola","Hominiventricola_filiformis"
"SGB4778","core_all_three",TRUE,"Bacteria","Firmicutes","Clostridia","Eubacteriales","Oscillospiraceae","Oscillospiraceae_unclassified","Oscillospiraceae_bacterium_Marseille_Q3528"
"SGB4779","core_all_three",TRUE,"Bacteria","Firmicutes","Clostridia","Lachnospirales","Lachnospiraceae","Blautia","Blautia_sp_OF03_15BH"
"SGB4804","core_all_three",TRUE,"Bacteria","Firmicutes","Clostridia","Lachnospirales","Lachnospiraceae","Blautia","Blautia_glucerasea"
"SGB4811","core_all_three",TRUE,"Bacteria","Firmicutes","Clostridia","Lachnospirales","Lachnospiraceae","Blautia","Blautia_obeum"
"SGB4815","core_all_three",TRUE,"Bacteria","Firmicutes","Clostridia","Lachnospirales","Lachnospiraceae","Blautia","Blautia_intestinalis"
"SGB4819","core_all_three",TRUE,"Bacteria","Firmicutes","Clostridia","Lachnospirales","Lachnospiraceae","Blautia","Blautia_glucerasea"
"SGB4826","core_all_three",TRUE,"Bacteria","Firmicutes","Clostridia","Lachnospirales","Lachnospiraceae","Blautia","Blautia_massiliensis_ex_Durand_et_al_2017"
"SGB4829","core_all_three",TRUE,"Bacteria","Firmicutes","Clostridia","Lachnospirales","Lachnospiraceae","Blautia","Blautia_luti"
"SGB4832","core_all_three",TRUE,"Bacteria","Firmicutes","Clostridia","Lachnospirales","Lachnospiraceae","Blautia","Blautia_luti"
"SGB4837","core_all_three",TRUE,"Bacteria","Firmicutes","Clostridia","Lachnospirales","Lachnospiraceae","Blautia","Blautia_wexlerae"
"SGB4868","core_all_three",TRUE,"Bacteria","Firmicutes","Clostridia","Lachnospirales","Lachnospiraceae","Oliverpabstia","Oliverpabstia_intestinalis"
"SGB4874","core_all_three",TRUE,"Bacteria","Firmicutes","Clostridia","Lachnospirales","Lachnospiraceae","Fusicatenibacter","Fusicatenibacter_saccharivorans"
"SGB4882","core_all_three",TRUE,"Bacteria","Firmicutes","CFGB72924","OFGB72924","FGB72924","GGB3612","GGB3612_SGB4882"
"SGB4886","core_all_three",TRUE,"Bacteria","Firmicutes","Clostridia","Lachnospirales","Lachnospiraceae","Kineothrix","Kineothrix_SGB4886"
"SGB4894","core_all_three",TRUE,"Bacteria","Firmicutes","Clostridia","Lachnospirales","Lachnospiraceae","GGB3619","GGB3619_SGB4894"
"SGB4909","core_all_three",TRUE,"Bacteria","Firmicutes","Clostridia","Lachnospirales","Lachnospiraceae","Waltera","Waltera_SGB4909"
"SGB4910","core_all_three",TRUE,"Bacteria","Firmicutes","Clostridia","Lachnospirales","Lachnospiraceae","Simiaoa","Simiaoa_sunii"
"SGB4922","core_all_three",TRUE,"Bacteria","Firmicutes","Clostridia","Lachnospirales","Lachnospiraceae","Lachnospiraceae_unclassified","Lachnospiraceae_bacterium"
"SGB4925","core_all_three",TRUE,"Bacteria","Firmicutes","Clostridia","Lachnospirales","Lachnospiraceae","Roseburia","Roseburia_faecis"
"SGB4930","core_all_three",TRUE,"Bacteria","Firmicutes","Clostridia","Lachnospirales","Lachnospiraceae","GGB3637","GGB3637_SGB4930"
"SGB4933","core_all_three",TRUE,"Bacteria","Firmicutes","Clostridia","Lachnospirales","Lachnospiraceae","Agathobacter","Agathobacter_rectalis"
"SGB4936","core_all_three",TRUE,"Bacteria","Firmicutes","Clostridia","Lachnospirales","Lachnospiraceae","Roseburia","Roseburia_hominis"
"SGB4940","core_all_three",TRUE,"Bacteria","Firmicutes","Clostridia","Lachnospirales","Lachnospiraceae","Roseburia","Roseburia_inulinivorans"
"SGB4953","core_all_three",TRUE,"Bacteria","Firmicutes","Clostridia","Lachnospirales","Lachnospiraceae","Roseburia","Roseburia_yibonii"
"SGB4957","core_all_three",TRUE,"Bacteria","Firmicutes","Clostridia","Lachnospirales","Lachnospiraceae","Roseburia","Roseburia_lenta"
"SGB4963","core_all_three",TRUE,"Bacteria","Firmicutes","Clostridia","Lachnospirales","Lachnospiraceae","Roseburia","Roseburia_zhanii"
"SGB4964","core_all_three",TRUE,"Bacteria","Firmicutes","CFGB84486","OFGB84486","FGB84486","GGB3653","GGB3653_SGB4964"
"SGB4966","core_all_three",TRUE,"Bacteria","Firmicutes","Clostridia","Lachnospirales","Lachnospiraceae","GGB99810","GGB99810_SGB4966"
"SGB4987","core_all_three",TRUE,"Bacteria","Firmicutes","Clostridia","Lachnospirales","Lachnospiraceae","Eisenbergiella","Eisenbergiella_massiliensis"
"SGB4993","core_all_three",TRUE,"Bacteria","Firmicutes","Clostridia","Lachnospirales","Lachnospiraceae","Gallintestinimicrobium","Gallintestinimicrobium_propionicum"
"SGB5042","core_all_three",TRUE,"Bacteria","Firmicutes","Clostridia","Eubacteriales","Eubacteriaceae","Eubacterium","Eubacterium_segne"
"SGB5043","core_all_three",TRUE,"Bacteria","Firmicutes","Clostridia","Eubacteriales","Eubacteriaceae","Eubacterium","Eubacterium_album"
"SGB5060","core_all_three",TRUE,"Bacteria","Firmicutes","CFGB1473","OFGB1473","FGB1473","GGB3730","GGB3730_SGB5060"
"SGB5062","core_all_three",TRUE,"Bacteria","Firmicutes","CFGB1474","OFGB1474","FGB1474","GGB115571","GGB115571_SGB5062"
"SGB5065","core_all_three",TRUE,"Bacteria","Firmicutes","Clostridia","Lachnospirales","Lachnospiraceae","Eshraghiella","Eshraghiella_crossota"
"SGB5068","core_all_three",TRUE,"Bacteria","Firmicutes","Clostridia","Eubacteriales","Eubacteriales_unclassified","Eubacteriales_unclassified","Bacteroides_pectinophilus"
"SGB5075","core_all_three",TRUE,"Bacteria","Firmicutes","Clostridia","Lachnospirales","Lachnospiraceae","GGB74412","GGB74412_SGB5075"
"SGB5082","core_all_three",TRUE,"Bacteria","Firmicutes","Clostridia","Lachnospirales","Lachnospiraceae","Lachnospira","Lachnospira_eligens"
"SGB5083","core_all_three",TRUE,"Bacteria","Firmicutes","Clostridia","Eubacteriales","Eubacteriaceae","Eubacterium","Eubacterium_sp_AF22_9"
"SGB5087","core_all_three",TRUE,"Bacteria","Firmicutes","Clostridia","Lachnospirales","Lachnospiraceae","Lachnospira","Lachnospira_hominis_ex_Liu_et_al_2021"
"SGB5089","core_all_three",TRUE,"Bacteria","Firmicutes","Clostridia","Lachnospirales","Lachnospiraceae","Lachnospira","Lachnospira_pectinoschiza"
"SGB5090","core_all_three",TRUE,"Bacteria","Firmicutes","Clostridia","Lachnospirales","Lachnospiraceae","Anthropogastromicrobium","Anthropogastromicrobium_aceti"
"SGB5121","core_all_three",TRUE,"Bacteria","Firmicutes","Clostridia","Lachnospirales","Lachnospiraceae","Coprococcus","Coprococcus_eutactus"
"SGB53522","core_all_three",TRUE,"Bacteria","Firmicutes","CFGB3054","OFGB3054","FGB3054","GGB9677","GGB9677_SGB53522"
"SGB5763","core_all_three",TRUE,"Bacteria","Firmicutes","Negativicutes","Acidaminococcales","Acidaminococcaceae","Phascolarctobacterium","Phascolarctobacterium_succinatutens"
"SGB5818","core_all_three",TRUE,"Bacteria","Firmicutes","Negativicutes","Veillonellales","Veillonellaceae","Dialister","Dialister_succinatiphilus"
"SGB5843","core_all_three",TRUE,"Bacteria","Firmicutes","Negativicutes","Veillonellales","Veillonellaceae","Allisonella","Allisonella_histaminiformans"
"SGB6148","core_all_three",TRUE,"Bacteria","Firmicutes","Clostridia","Peptostreptococcales","Peptostreptococcaceae","Romboutsia","Romboutsia_timonensis"
"SGB6172","core_all_three",TRUE,"Bacteria","Firmicutes","Clostridia","Eubacteriales","Clostridiaceae","Clostridium","Clostridium_disporicum"
"SGB6173","core_all_three",TRUE,"Bacteria","Firmicutes","Clostridia","Eubacteriales","Clostridiaceae","Clostridium","Clostridium_SGB6173"
"SGB6175","core_all_three",TRUE,"Bacteria","Firmicutes","Clostridia","Eubacteriales","Clostridiaceae","Clostridium","Clostridium_SGB6175"
"SGB6177","core_all_three",TRUE,"Bacteria","Firmicutes","Clostridia","Eubacteriales","Clostridiaceae","Clostridium","Clostridium_sp_K13"
"SGB6276","core_all_three",TRUE,"Bacteria","Firmicutes","CFGB1765","OFGB1765","FGB1765","GGB4552","GGB4552_SGB6276"
"SGB6285","core_all_three",TRUE,"Bacteria","Firmicutes","CFGB1765","OFGB1765","FGB1765","GGB143928","GGB143928_SGB6285"
"SGB6293","core_all_three",TRUE,"Bacteria","Firmicutes","CFGB1765","OFGB1765","FGB1765","GGB4559","GGB4559_SGB6293"
"SGB6308","core_all_three",TRUE,"Bacteria","Firmicutes","CFGB1765","OFGB1765","FGB1765","GGB4567","GGB4567_SGB6308"
"SGB6310","core_all_three",TRUE,"Bacteria","Firmicutes","CFGB1765","OFGB1765","FGB1765","GGB4569","GGB4569_SGB6310"
"SGB6312","core_all_three",TRUE,"Bacteria","Firmicutes","CFGB1765","OFGB1765","FGB1765","GGB4569","GGB4569_SGB6312"
"SGB6328","core_all_three",TRUE,"Bacteria","Firmicutes","CFGB1765","OFGB1765","FGB1765","GGB4578","GGB4578_SGB6328"
"SGB6329","core_all_three",TRUE,"Bacteria","Firmicutes","CFGB1765","OFGB1765","FGB1765","GGB4579","GGB4579_SGB6329"
"SGB6334","core_all_three",TRUE,"Bacteria","Firmicutes","CFGB1765","OFGB1765","FGB1765","GGB4583","GGB4583_SGB6334"
"SGB6340","core_all_three",TRUE,"Bacteria","Firmicutes","CFGB1765","OFGB1765","FGB1765","GGB4585","GGB4585_SGB6340"
"SGB6344","core_all_three",TRUE,"Bacteria","Firmicutes","CFGB1765","OFGB1765","FGB1765","GGB4586","GGB4586_SGB6344"
"SGB6346","core_all_three",TRUE,"Bacteria","Firmicutes","CFGB1765","OFGB1765","FGB1765","GGB4587","GGB4587_SGB6346"
"SGB6347","core_all_three",TRUE,"Bacteria","Firmicutes","CFGB1765","OFGB1765","FGB1765","GGB4588","GGB4588_SGB6347"
"SGB6350","core_all_three",TRUE,"Bacteria","Firmicutes","CFGB1765","OFGB1765","FGB1765","GGB4591","GGB4591_SGB6350"
"SGB6362","core_all_three",TRUE,"Bacteria","Firmicutes","CFGB1765","OFGB1765","FGB1765","GGB4599","GGB4599_SGB6362"
"SGB6363","core_all_three",TRUE,"Bacteria","Firmicutes","CFGB1765","OFGB1765","FGB1765","GGB4600","GGB4600_SGB6363"
"SGB6365","core_all_three",TRUE,"Bacteria","Firmicutes","CFGB1765","OFGB1765","FGB1765","GGB4602","GGB4602_SGB6365"
"SGB6367","core_all_three",TRUE,"Bacteria","Firmicutes","CFGB1765","OFGB1765","FGB1765","GGB4603","GGB4603_SGB6367"
"SGB6369","core_all_three",TRUE,"Bacteria","Firmicutes","CFGB1765","OFGB1765","FGB1765","GGB4604","GGB4604_SGB6369"
"SGB6376","core_all_three",TRUE,"Bacteria","Firmicutes","CFGB1765","OFGB1765","FGB1765","GGB4605","GGB4605_SGB6376"
"SGB6385","core_all_three",TRUE,"Bacteria","Firmicutes","CFGB72899","OFGB72899","FGB72899","GGB4611","GGB4611_SGB6385"
"SGB6422","core_all_three",TRUE,"Bacteria","Firmicutes","CFGB9120","OFGB9120","FGB9120","GGB4642","GGB4642_SGB6422"
"SGB6428","core_all_three",TRUE,"Bacteria","Firmicutes","CFGB10312","OFGB10312","FGB10312","GGB4644","GGB4644_SGB6428"
"SGB6440","core_all_three",TRUE,"Bacteria","Firmicutes","CFGB9119","OFGB9119","FGB9119","GGB4653","GGB4653_SGB6440"
"SGB6461","core_all_three",TRUE,"Bacteria","Firmicutes","CFGB94751","OFGB94751","FGB94751","GGB4672","GGB4672_SGB6461"
"SGB6472","core_all_three",TRUE,"Bacteria","Firmicutes","CFGB1776","OFGB1776","FGB1776","GGB4682","GGB4682_SGB6472"
"SGB6473","core_all_three",TRUE,"Bacteria","Firmicutes","CFGB1776","OFGB1776","FGB1776","GGB4683","GGB4683_SGB6473"
"SGB6478","core_all_three",TRUE,"Bacteria","Firmicutes","CFGB1776","OFGB1776","FGB1776","GGB4684","GGB4684_SGB6478"
"SGB6506","core_all_three",TRUE,"Bacteria","Firmicutes","CFGB31455","OFGB31455","FGB31455","GGB4700","GGB4700_SGB6506"
"SGB6510","core_all_three",TRUE,"Bacteria","Firmicutes","CFGB10314","OFGB10314","FGB10314","GGB4703","GGB4703_SGB6510"
"SGB65105","core_all_three",TRUE,"Bacteria","Firmicutes","CFGB1765","OFGB1765","FGB1765","GGB47174","GGB47174_SGB65105"
"SGB6511","core_all_three",TRUE,"Bacteria","Firmicutes","CFGB79152","OFGB79152","FGB79152","GGB4704","GGB4704_SGB6511"
"SGB6533","core_all_three",TRUE,"Bacteria","Firmicutes","CFGB1779","OFGB1779","FGB1779","GGB4717","GGB4717_SGB6533"
"SGB6579","core_all_three",TRUE,"Bacteria","Firmicutes","CFGB94730","OFGB94730","FGB94730","GGB4750","GGB4750_SGB6579"
"SGB6602","core_all_three",TRUE,"Bacteria","Firmicutes","CFGB77220","OFGB77220","FGB77220","GGB4769","GGB4769_SGB6602"
"SGB6744","core_all_three",TRUE,"Bacteria","Firmicutes","Erysipelotrichia","Erysipelotrichales","Coprobacillaceae","Thomasclavelia","Thomasclavelia_ramosa"
"SGB6796","core_all_three",TRUE,"Bacteria","Firmicutes","Erysipelotrichia","Erysipelotrichales","Erysipelotrichaceae","Holdemanella","Holdemanella_porci"
"SGB6823","core_all_three",TRUE,"Bacteria","Firmicutes","CFGB1838","OFGB1838","FGB1838","GGB4884","GGB4884_SGB6823"
"SGB6836","core_all_three",TRUE,"Bacteria","Firmicutes","Erysipelotrichia","Erysipelotrichales","Erysipelotrichaceae","Erysipelotrichaceae_unclassified","Erysipelotrichaceae_bacterium_7770_A6"
"SGB6847","core_all_three",TRUE,"Bacteria","Firmicutes","Erysipelotrichia","Erysipelotrichales","Turicibacteraceae","Turicibacter","Turicibacter_bilis"
"SGB69322","core_all_three",TRUE,"Bacteria","Firmicutes","Clostridia","Lachnospirales","Lachnospiraceae","GGB49409","GGB49409_SGB69322"
"SGB6939","core_all_three",TRUE,"Bacteria","Firmicutes","Negativicutes","Veillonellales","Veillonellaceae","Veillonella","Veillonella_parvula"
"SGB6962","core_all_three",TRUE,"Bacteria","Firmicutes","Negativicutes","Selenomonadales","Selenomonadaceae","Megamonas","Megamonas_funiformis"
"SGB7020","core_all_three",TRUE,"Bacteria","Firmicutes","Bacilli","Lactobacillales","Lactobacillaceae","Lactobacillus","Lactobacillus_delbrueckii"
"SGB71368","core_all_three",TRUE,"Bacteria","Firmicutes","Clostridia","Eubacteriales","Eubacteriales_Family_XIII_Incertae_Sedis","Lentihominibacter","Lentihominibacter_SGB71368"
"SGB714","core_all_three",TRUE,"Archaea","Methanobacteriota","Methanobacteria","Methanobacteriales","Methanobacteriaceae","Methanobrevibacter","Methanobrevibacter_smithii"
"SGB71744","core_all_three",TRUE,"Bacteria","Firmicutes","CFGB84435","OFGB84435","FGB84435","GGB51431","GGB51431_SGB71744"
"SGB71885","core_all_three",TRUE,"Bacteria","Firmicutes","Clostridia","Lachnospirales","Lachnospiraceae","GGB51512","GGB51512_SGB71885"
"SGB72690","core_all_three",TRUE,"Bacteria","Firmicutes","CFGB49665","OFGB49665","FGB49665","GGB52022","GGB52022_SGB72690"
"SGB72786","core_all_three",TRUE,"Bacteria","Firmicutes","Clostridia","Eubacteriales","Oscillospiraceae","GGB52084","GGB52084_SGB72786"
"SGB74405","core_all_three",TRUE,"Bacteria","Firmicutes","Clostridia","Eubacteriales","Oscillospiraceae","GGB13494","GGB13494_SGB74405"
"SGB74412","core_all_three",TRUE,"Bacteria","Firmicutes","CFGB52309","OFGB52309","FGB52309","GGB53380","GGB53380_SGB74412"
"SGB7962","core_all_three",TRUE,"Bacteria","Firmicutes","Bacilli","Lactobacillales","Enterococcaceae","Enterococcus","Enterococcus_faecalis"
"SGB79698","core_all_three",TRUE,"Bacteria","Firmicutes","CFGB8179","OFGB8179","FGB8179","GGB58067","GGB58067_SGB79698"
"SGB79840","core_all_three",TRUE,"Bacteria","Firmicutes","Clostridia","Eubacteriales","Oscillospiraceae","Lawsonibacter","Lawsonibacter_celer"
"SGB8002","core_all_three",TRUE,"Bacteria","Firmicutes","Bacilli","Lactobacillales","Streptococcaceae","Streptococcus","Streptococcus_thermophilus"
"SGB82503","core_all_three",TRUE,"Bacteria","Firmicutes","Clostridia","Eubacteriales","Oscillospiraceae","Youxingia","Youxingia_wuxianensis"
"SGB9203","core_all_three",TRUE,"Bacteria","Lentisphaerota","Lentisphaeria","Victivallales","Victivallaceae","Victivallis","Victivallis_lenta"
"SGB9226","core_all_three",TRUE,"Bacteria","Verrucomicrobiota","Verrucomicrobiia","Verrucomicrobiales","Akkermansiaceae","Akkermansia","Akkermansia_muciniphila"
"SGB9260","core_all_three",TRUE,"Bacteria","Pseudomonadota","Betaproteobacteria","Burkholderiales","Sutterellaceae","Parasutterella","Parasutterella_SGB9260"
"SGB9286","core_all_three",TRUE,"Bacteria","Pseudomonadota","Betaproteobacteria","Burkholderiales","Sutterellaceae","Sutterella","Sutterella_wadsworthensis"
"SGB9342","core_all_three",TRUE,"Bacteria","Pseudomonadota","CFGB2404","OFGB2404","FGB2404","GGB6608","GGB6608_SGB9342"
"SGB9346","core_all_three",TRUE,"Bacteria","Pseudomonadota","CFGB2404","OFGB2404","FGB2404","GGB6612","GGB6612_SGB9346"
"SGB9347","core_all_three",TRUE,"Bacteria","Pseudomonadota","CFGB2404","OFGB2404","FGB2404","GGB6613","GGB6613_SGB9347"
"SGB1002","pig_farmers_only",FALSE,"Bacteria","Firmicutes","CFGB336","OFGB336","FGB336","GGB763","GGB763_SGB1002"
"SGB1005","pig_farmers_only",FALSE,"Bacteria","Firmicutes","CFGB337","OFGB337","FGB337","GGB13646","GGB13646_SGB1005"
"SGB1016","pig_farmers_only",FALSE,"Bacteria","Mycoplasmatota","CFGB341","OFGB341","FGB341","GGB99884","GGB99884_SGB1016"
"SGB1022","pig_farmers_only",FALSE,"Bacteria","Mycoplasmatota","CFGB342","OFGB342","FGB342","GGB779","GGB779_SGB1022"
"SGB1037","pig_farmers_only",FALSE,"Bacteria","Firmicutes","CFGB77603","OFGB77603","FGB77603","GGB794","GGB794_SGB1037"
"SGB104570","pig_farmers_only",FALSE,"Bacteria","Bacteroidota","CFGB497","OFGB497","FGB497","GGB78631","GGB78631_SGB104570"
"SGB104785","pig_farmers_only",FALSE,"Bacteria","Bacteroidota","Bacteroidia","Bacteroidales","Prevotellaceae","GGB12985","GGB12985_SGB104785"
"SGB105541","pig_farmers_only",FALSE,"Bacteria","Firmicutes","CFGB74971","OFGB74971","FGB74971","GGB9332","GGB9332_SGB105541"
"SGB105547","pig_farmers_only",FALSE,"Bacteria","Firmicutes","CFGB84306","OFGB84306","FGB84306","GGB79227","GGB79227_SGB105547"
"SGB105555","pig_farmers_only",FALSE,"Bacteria","Firmicutes","CFGB33512","OFGB33512","FGB33512","GGB79245","GGB79245_SGB105555"
"SGB105563","pig_farmers_only",FALSE,"Bacteria","Firmicutes","CFGB1262","OFGB1262","FGB1262","GGB79050","GGB79050_SGB105563"
"SGB105637","pig_farmers_only",FALSE,"Bacteria","Firmicutes","Clostridia","Eubacteriales","Oscillospiraceae","GGB79246","GGB79246_SGB105637"
"SGB105671","pig_farmers_only",FALSE,"Bacteria","Firmicutes","CFGB92055","OFGB92055","FGB92055","GGB79251","GGB79251_SGB105671"
"SGB105863","pig_farmers_only",FALSE,"Bacteria","Firmicutes","Clostridia","Eubacteriales","Oscillospiraceae","GGB140943","GGB140943_SGB105863"
"SGB110567","pig_farmers_only",FALSE,"Bacteria","Pseudomonadota","Betaproteobacteria","Burkholderiales","Sutterellaceae","Mesosutterella","Mesosutterella_faecium"
"SGB114188","pig_farmers_only",FALSE,"Bacteria","Firmicutes","CFGB1473","OFGB1473","FGB1473","GGB3730","GGB3730_SGB114188"
"SGB118543","pig_farmers_only",FALSE,"Bacteria","Firmicutes","CFGB78453","OFGB78453","FGB78453","GGB84289","GGB84289_SGB118543"
"SGB118795","pig_farmers_only",FALSE,"Bacteria","Firmicutes","CFGB83270","OFGB83270","FGB83270","GGB85009","GGB85009_SGB118795"
"SGB118821","pig_farmers_only",FALSE,"Bacteria","Firmicutes","CFGB48199","OFGB48199","FGB48199","GGB85011","GGB85011_SGB118821"
"SGB118963","pig_farmers_only",FALSE,"Bacteria","Firmicutes","CFGB58251","OFGB58251","FGB58251","GGB85092","GGB85092_SGB118963"
"SGB119573","pig_farmers_only",FALSE,"Bacteria","Firmicutes","Clostridia","Eubacteriales","Oscillospiraceae","GGB9590","GGB9590_SGB119573"
"SGB119690","pig_farmers_only",FALSE,"Bacteria","Firmicutes","Clostridia","Eubacteriales","Oscillospiraceae","Pseudoflavonifractor","Pseudoflavonifractor_SGB119690"
"SGB119817","pig_farmers_only",FALSE,"Bacteria","Firmicutes","CFGB59449","OFGB59449","FGB59449","GGB84897","GGB84897_SGB119817"
"SGB119876","pig_farmers_only",FALSE,"Bacteria","Firmicutes","CFGB88485","OFGB88485","FGB88485","GGB84355","GGB84355_SGB119876"
"SGB119901","pig_farmers_only",FALSE,"Bacteria","Firmicutes","CFGB1310","OFGB1310","FGB1310","GGB13416","GGB13416_SGB119901"
"SGB119956","pig_farmers_only",FALSE,"Bacteria","Firmicutes","CFGB2952","OFGB2952","FGB2952","GGB84235","GGB84235_SGB119956"
"SGB1303","pig_farmers_only",FALSE,"Bacteria","Bacteroidota","CFGB77217","OFGB77217","FGB77217","GGB1010","GGB1010_SGB1303"
"SGB1370","pig_farmers_only",FALSE,"Bacteria","Bacteroidota","CFGB511","OFGB511","FGB511","GGB1066","GGB1066_SGB1370"
"SGB13948","pig_farmers_only",FALSE,"Bacteria","Firmicutes","CFGB2830","OFGB2830","FGB2830","GGB9046","GGB9046_SGB13948"
"SGB13959","pig_farmers_only",FALSE,"Bacteria","Firmicutes","CFGB2832","OFGB2832","FGB2832","GGB9054","GGB9054_SGB13959"
"SGB13964","pig_farmers_only",FALSE,"Bacteria","Firmicutes","CFGB2833","OFGB2833","FGB2833","GGB9056","GGB9056_SGB13964"
"SGB13977","pig_farmers_only",FALSE,"Bacteria","Firmicutes","CFGB2834","OFGB2834","FGB2834","GGB9060","GGB9060_SGB13977"
"SGB13979","pig_farmers_only",FALSE,"Bacteria","Firmicutes","CFGB2834","OFGB2834","FGB2834","GGB141302","GGB141302_SGB13979"
"SGB13986","pig_farmers_only",FALSE,"Bacteria","Firmicutes","CFGB8331","OFGB8331","FGB8331","GGB9067","GGB9067_SGB13986"
"SGB13987","pig_farmers_only",FALSE,"Bacteria","Firmicutes","CFGB8331","OFGB8331","FGB8331","GGB13357","GGB13357_SGB13987"
"SGB13990","pig_farmers_only",FALSE,"Bacteria","Firmicutes","CFGB2836","OFGB2836","FGB2836","GGB9071","GGB9071_SGB13990"
"SGB13994","pig_farmers_only",FALSE,"Bacteria","Firmicutes","CFGB2837","OFGB2837","FGB2837","GGB9073","GGB9073_SGB13994"
"SGB13998","pig_farmers_only",FALSE,"Bacteria","Firmicutes","CFGB2837","OFGB2837","FGB2837","GGB9076","GGB9076_SGB13998"
"SGB14003","pig_farmers_only",FALSE,"Bacteria","Firmicutes","CFGB2837","OFGB2837","FGB2837","GGB9079","GGB9079_SGB14003"
"SGB14004","pig_farmers_only",FALSE,"Bacteria","Firmicutes","CFGB2837","OFGB2837","FGB2837","GGB9080","GGB9080_SGB14004"
"SGB14007","pig_farmers_only",FALSE,"Bacteria","Firmicutes","CFGB2837","OFGB2837","FGB2837","GGB9082","GGB9082_SGB14007"
"SGB14017","pig_farmers_only",FALSE,"Bacteria","Firmicutes","CFGB2839","OFGB2839","FGB2839","GGB9088","GGB9088_SGB14017"
"SGB14023","pig_farmers_only",FALSE,"Bacteria","Firmicutes","CFGB2840","OFGB2840","FGB2840","GGB9093","GGB9093_SGB14023"
"SGB14024","pig_farmers_only",FALSE,"Bacteria","Firmicutes","CFGB2840","OFGB2840","FGB2840","GGB9093","GGB9093_SGB14024"
"SGB14026","pig_farmers_only",FALSE,"Bacteria","Firmicutes","CFGB2840","OFGB2840","FGB2840","GGB9095","GGB9095_SGB14026"
"SGB1404","pig_farmers_only",FALSE,"Bacteria","Bacteroidota","CFGB529","OFGB529","FGB529","GGB1093","GGB1093_SGB1404"
"SGB14108","pig_farmers_only",FALSE,"Bacteria","Firmicutes","CFGB2873","OFGB2873","FGB2873","GGB9170","GGB9170_SGB14108"
"SGB14109","pig_farmers_only",FALSE,"Bacteria","Firmicutes","CFGB2873","OFGB2873","FGB2873","GGB9171","GGB9171_SGB14109"
"SGB14110","pig_farmers_only",FALSE,"Bacteria","Firmicutes","CFGB2873","OFGB2873","FGB2873","GGB9172","GGB9172_SGB14110"
"SGB1415","pig_farmers_only",FALSE,"Bacteria","Bacteroidota","CFGB9414","OFGB9414","FGB9414","GGB1101","GGB1101_SGB1415"
"SGB14185","pig_farmers_only",FALSE,"Bacteria","Firmicutes","CFGB2921","OFGB2921","FGB2921","GGB9243","GGB9243_SGB14185"
"SGB14190","pig_farmers_only",FALSE,"Bacteria","Firmicutes","CFGB2924","OFGB2924","FGB2924","GGB143676","GGB143676_SGB14190"
"SGB14199","pig_farmers_only",FALSE,"Bacteria","Firmicutes","CFGB2930","OFGB2930","FGB2930","GGB9253","GGB9253_SGB14199"
"SGB14203","pig_farmers_only",FALSE,"Bacteria","Firmicutes","CFGB10021","OFGB10021","FGB10021","GGB13402","GGB13402_SGB14203"
"SGB14205","pig_farmers_only",FALSE,"Bacteria","Firmicutes","CFGB10021","OFGB10021","FGB10021","GGB9258","GGB9258_SGB14205"
"SGB14211","pig_farmers_only",FALSE,"Bacteria","Firmicutes","CFGB58291","OFGB58291","FGB58291","GGB9263","GGB9263_SGB14211"
"SGB14216","pig_farmers_only",FALSE,"Bacteria","Firmicutes","CFGB2936","OFGB2936","FGB2936","GGB9266","GGB9266_SGB14216"
"SGB14227","pig_farmers_only",FALSE,"Bacteria","Chloroflexota","CFGB2941","OFGB2941","FGB2941","GGB9275","GGB9275_SGB14227"
"SGB14232","pig_farmers_only",FALSE,"Bacteria","Firmicutes","CFGB2942","OFGB2942","FGB2942","GGB9279","GGB9279_SGB14232"
"SGB14233","pig_farmers_only",FALSE,"Bacteria","Firmicutes","CFGB78502","OFGB78502","FGB78502","GGB9280","GGB9280_SGB14233"
"SGB14237","pig_farmers_only",FALSE,"Bacteria","Firmicutes","CFGB84772","OFGB84772","FGB84772","GGB38716","GGB38716_SGB14237"
"SGB14238","pig_farmers_only",FALSE,"Bacteria","Firmicutes","CFGB84772","OFGB84772","FGB84772","GGB9285","GGB9285_SGB14238"
"SGB14242","pig_farmers_only",FALSE,"Bacteria","Firmicutes","CFGB78560","OFGB78560","FGB78560","GGB9287","GGB9287_SGB14242"
"SGB14243","pig_farmers_only",FALSE,"Bacteria","Chloroflexota","CFGB94700","OFGB94700","FGB94700","GGB9288","GGB9288_SGB14243"
"SGB14248","pig_farmers_only",FALSE,"Bacteria","Firmicutes","CFGB88483","OFGB88483","FGB88483","GGB9291","GGB9291_SGB14248"
"SGB14255","pig_farmers_only",FALSE,"Bacteria","Firmicutes","CFGB94728","OFGB94728","FGB94728","GGB9297","GGB9297_SGB14255"
"SGB14264","pig_farmers_only",FALSE,"Bacteria","Firmicutes","CFGB2960","OFGB2960","FGB2960","GGB9303","GGB9303_SGB14264"
"SGB14294","pig_farmers_only",FALSE,"Bacteria","Firmicutes","CFGB74971","OFGB74971","FGB74971","GGB9331","GGB9331_SGB14294"
"SGB1437","pig_farmers_only",FALSE,"Bacteria","Bacteroidota","CFGB544","OFGB544","FGB544","GGB1123","GGB1123_SGB1437"
"SGB14376","pig_farmers_only",FALSE,"Bacteria","Actinomycetota","Coriobacteriia","Coriobacteriales","Coriobacteriaceae","GGB9380","GGB9380_SGB14376"
"SGB144469","pig_farmers_only",FALSE,"Bacteria","Firmicutes","CFGB88448","OFGB88448","FGB88448","GGB100390","GGB100390_SGB144469"
"SGB144761","pig_farmers_only",FALSE,"Bacteria","Firmicutes","CFGB28386","OFGB28386","FGB28386","GGB101629","GGB101629_SGB144761"
"SGB145215","pig_farmers_only",FALSE,"Bacteria","Firmicutes","CFGB2837","OFGB2837","FGB2837","GGB83211","GGB83211_SGB145215"
"SGB146056","pig_farmers_only",FALSE,"Bacteria","Firmicutes","CFGB72814","OFGB72814","FGB72814","GGB101332","GGB101332_SGB146056"
"SGB146335","pig_farmers_only",FALSE,"Bacteria","Firmicutes","CFGB10309","OFGB10309","FGB10309","GGB4676","GGB4676_SGB146335"
"SGB146510","pig_farmers_only",FALSE,"Bacteria","Firmicutes","CFGB1765","OFGB1765","FGB1765","GGB4541","GGB4541_SGB146510"
"SGB1475","pig_farmers_only",FALSE,"Bacteria","Bacteroidota","Bacteroidia","Bacteroidales","Prevotellaceae","GGB1148","GGB1148_SGB1475"
"SGB14764","pig_farmers_only",FALSE,"Bacteria","Actinomycetota","CFGB2992","OFGB2992","FGB2992","GGB9411","GGB9411_SGB14764"
"SGB1477","pig_farmers_only",FALSE,"Bacteria","Bacteroidota","Bacteroidia","Bacteroidales","Prevotellaceae","Prevotellamassilia","Prevotellamassilia_timonensis"
"SGB14786","pig_farmers_only",FALSE,"Bacteria","Actinomycetota","Coriobacteriia","Eggerthellales","Eggerthellaceae","GGB9420","GGB9420_SGB14786"
"SGB14832","pig_farmers_only",FALSE,"Bacteria","Firmicutes","CFGB13532","OFGB13532","FGB13532","GGB13532","GGB13532_SGB14832"
"SGB14925","pig_farmers_only",FALSE,"Bacteria","Firmicutes","CFGB4623","OFGB4623","FGB4623","GGB9525","GGB9525_SGB14925"
"SGB14945","pig_farmers_only",FALSE,"Bacteria","Firmicutes","CFGB3040","OFGB3040","FGB3040","GGB9541","GGB9541_SGB14945"
"SGB14947","pig_farmers_only",FALSE,"Bacteria","Firmicutes","CFGB3040","OFGB3040","FGB3040","GGB9542","GGB9542_SGB14947"
"SGB15011","pig_farmers_only",FALSE,"Bacteria","Firmicutes","Clostridia","Eubacteriales","Oscillospiraceae","GGB9589","GGB9589_SGB15011"
"SGB15038","pig_farmers_only",FALSE,"Bacteria","Firmicutes","CFGB9977","OFGB9977","FGB9977","GGB9606","GGB9606_SGB15038"
"SGB15052","pig_farmers_only",FALSE,"Bacteria","Firmicutes","Clostridia","Eubacteriales","Oscillospiraceae","Dysosmobacter","Dysosmobacter_SGB15052"
"SGB15064","pig_farmers_only",FALSE,"Bacteria","Firmicutes","Clostridia","Eubacteriales","Oscillospiraceae","GGB9618","GGB9618_SGB15064"
"SGB15084","pig_farmers_only",FALSE,"Bacteria","Firmicutes","Clostridia","Eubacteriales","Oscillospiraceae","Vescimonas","Vescimonas_SGB15084"
"SGB15088","pig_farmers_only",FALSE,"Bacteria","Firmicutes","Clostridia","Eubacteriales","Oscillospiraceae","Vescimonas","Vescimonas_SGB15088"
"SGB15095","pig_farmers_only",FALSE,"Bacteria","Firmicutes","Clostridia","Eubacteriales","Oscillospiraceae","GGB9634","GGB9634_SGB15095"
"SGB15099","pig_farmers_only",FALSE,"Bacteria","Firmicutes","Clostridia","Eubacteriales","Oscillospiraceae","GGB9634","GGB9634_SGB15099"
"SGB15100","pig_farmers_only",FALSE,"Bacteria","Firmicutes","Clostridia","Eubacteriales","Oscillospiraceae","GGB9634","GGB9634_SGB15100"
"SGB15102","pig_farmers_only",FALSE,"Bacteria","Firmicutes","Clostridia","Eubacteriales","Oscillospiraceae","GGB9634","GGB9634_SGB15102"
"SGB15109","pig_farmers_only",FALSE,"Bacteria","Firmicutes","Clostridia","Eubacteriales","Oscillospiraceae","GGB9636","GGB9636_SGB15109"
"SGB15146","pig_farmers_only",FALSE,"Bacteria","Firmicutes","Clostridia","Eubacteriales","Eubacteriales_unclassified","Flintibacter","Flintibacter_faecis"
"SGB15169","pig_farmers_only",FALSE,"Bacteria","Firmicutes","CFGB3054","OFGB3054","FGB3054","GGB9671","GGB9671_SGB15169"
"SGB1517","pig_farmers_only",FALSE,"Bacteria","Bacteroidota","Bacteroidia","Bacteroidales","Prevotellaceae","Hoylesella","Hoylesella_buccalis"
"SGB15179","pig_farmers_only",FALSE,"Bacteria","Firmicutes","CFGB3054","OFGB3054","FGB3054","GGB9677","GGB9677_SGB15179"
"SGB15191","pig_farmers_only",FALSE,"Bacteria","Firmicutes","CFGB3054","OFGB3054","FGB3054","GGB9687","GGB9687_SGB15191"
"SGB15194","pig_farmers_only",FALSE,"Bacteria","Firmicutes","CFGB3054","OFGB3054","FGB3054","GGB9689","GGB9689_SGB15194"
"SGB15197","pig_farmers_only",FALSE,"Bacteria","Firmicutes","CFGB3054","OFGB3054","FGB3054","GGB9691","GGB9691_SGB15197"
"SGB15218","pig_farmers_only",FALSE,"Bacteria","Firmicutes","Clostridia","Eubacteriales","Oscillospiraceae","GGB9701","GGB9701_SGB15218"
"SGB15235","pig_farmers_only",FALSE,"Bacteria","Firmicutes","Clostridia","Eubacteriales","Oscillospiraceae","GGB9708","GGB9708_SGB15235"
"SGB15241","pig_farmers_only",FALSE,"Bacteria","Firmicutes","CFGB9989","OFGB9989","FGB9989","GGB9712","GGB9712_SGB15241"
"SGB15251","pig_farmers_only",FALSE,"Bacteria","Firmicutes","Clostridia","Eubacteriales","Oscillospiraceae","Oscillospiraceae_unclassified","Oscillospiraceae_unclassified_SGB15251"
"SGB15269","pig_farmers_only",FALSE,"Bacteria","Firmicutes","CFGB3054","OFGB3054","FGB3054","GGB9716","GGB9716_SGB15269"
"SGB15285","pig_farmers_only",FALSE,"Bacteria","Firmicutes","Clostridia","Eubacteriales","Oscillospiraceae","GGB13463","GGB13463_SGB15285"
"SGB15447","pig_farmers_only",FALSE,"Bacteria","Thermodesulfobacteriota","Desulfovibrionia","Desulfovibrionales","Desulfovibrionaceae","GGB9813","GGB9813_SGB15447"
"SGB15458","pig_farmers_only",FALSE,"Bacteria","Thermodesulfobacteriota","Desulfovibrionia","Desulfovibrionales","Desulfovibrionaceae","GGB9817","GGB9817_SGB15458"
"SGB159115","pig_farmers_only",FALSE,"Bacteria","Firmicutes","Clostridia","Eubacteriales","Oscillospiraceae","GGB128621","GGB128621_SGB159115"
"SGB1613","pig_farmers_only",FALSE,"Bacteria","Bacteroidota","Bacteroidia","Bacteroidales","Prevotellaceae","Segatella","Segatella_brunsvicensis"
"SGB1614","pig_farmers_only",FALSE,"Bacteria","Bacteroidota","Bacteroidia","Bacteroidales","Prevotellaceae","Segatella","Segatella_sanihominis"
"SGB161639","pig_farmers_only",FALSE,"Bacteria","Firmicutes","Clostridia","Eubacteriales","Eubacteriaceae","Eubacterium","Eubacterium_SGB161639"
"SGB1617","pig_farmers_only",FALSE,"Bacteria","Bacteroidota","Bacteroidia","Bacteroidales","Prevotellaceae","Segatella","Segatella_hominis"
"SGB1653","pig_farmers_only",FALSE,"Bacteria","Bacteroidota","Bacteroidia","Bacteroidales","Prevotellaceae","Segatella","Segatella_sinica"
"SGB1657","pig_farmers_only",FALSE,"Bacteria","Bacteroidota","Bacteroidia","Bacteroidales","Prevotellaceae","GGB1239","GGB1239_SGB1657"
"SGB1663","pig_farmers_only",FALSE,"Bacteria","Bacteroidota","Bacteroidia","Bacteroidales","Prevotellaceae","GGB1243","GGB1243_SGB1663"
"SGB1664","pig_farmers_only",FALSE,"Bacteria","Bacteroidota","Bacteroidia","Bacteroidales","Prevotellaceae","GGB140995","GGB140995_SGB1664"
"SGB1667","pig_farmers_only",FALSE,"Bacteria","Bacteroidota","Bacteroidia","Bacteroidales","Prevotellaceae","GGB1246","GGB1246_SGB1667"
"SGB1668","pig_farmers_only",FALSE,"Bacteria","Bacteroidota","Bacteroidia","Bacteroidales","Prevotellaceae","GGB1247","GGB1247_SGB1668"
"SGB1669","pig_farmers_only",FALSE,"Bacteria","Bacteroidota","Bacteroidia","Bacteroidales","Prevotellaceae","GGB1248","GGB1248_SGB1669"
"SGB1671","pig_farmers_only",FALSE,"Bacteria","Bacteroidota","Bacteroidia","Bacteroidales","Prevotellaceae","Leyella","Leyella_SGB1671"
"SGB1673","pig_farmers_only",FALSE,"Bacteria","Bacteroidota","Bacteroidia","Bacteroidales","Prevotellaceae","Leyella","Leyella_stercorea"
"SGB1675","pig_farmers_only",FALSE,"Bacteria","Bacteroidota","Bacteroidia","Bacteroidales","Prevotellaceae","Prevotella","Prevotella_SGB1675"
"SGB1680","pig_farmers_only",FALSE,"Bacteria","Bacteroidota","Bacteroidia","Bacteroidales","Prevotellaceae","Leyella","Leyella_stercorea"
"SGB168210","pig_farmers_only",FALSE,"Bacteria","Lentisphaerota","Lentisphaeria","Victivallales","Victivallaceae","GGB126770","GGB126770_SGB168210"
"SGB1683","pig_farmers_only",FALSE,"Bacteria","Bacteroidota","Bacteroidia","Bacteroidales","Prevotellaceae","GGB1255","GGB1255_SGB1683"
"SGB1701","pig_farmers_only",FALSE,"Bacteria","Bacteroidota","Bacteroidia","Bacteroidales","Prevotellaceae","GGB82047","GGB82047_SGB1701"
"SGB1705","pig_farmers_only",FALSE,"Bacteria","Bacteroidota","Bacteroidia","Bacteroidales","Prevotellaceae","Hallella","Hallella_faecis"
"SGB17231","pig_farmers_only",FALSE,"Bacteria","Actinomycetota","Actinomycetes","Bifidobacteriales","Bifidobacteriaceae","Bifidobacterium","Bifidobacterium_angulatum"
"SGB17348","pig_farmers_only",FALSE,"Bacteria","Lentisphaerota","CFGB10083","OFGB10083","FGB10083","GGB10693","GGB10693_SGB17348"
"SGB17364","pig_farmers_only",FALSE,"Bacteria","Lentisphaerota","CFGB3176","OFGB3176","FGB3176","GGB10708","GGB10708_SGB17364"
"SGB1776","pig_farmers_only",FALSE,"Bacteria","Bacteroidota","Bacteroidia","Bacteroidales","Porphyromonadaceae","Sanguibacteroides","Sanguibacteroides_justesenii"
"SGB1803","pig_farmers_only",FALSE,"Bacteria","Bacteroidota","Bacteroidia","Bacteroidales","Odoribacteraceae","GGB1345","GGB1345_SGB1803"
"SGB1835","pig_farmers_only",FALSE,"Bacteria","Bacteroidota","Bacteroidia","Bacteroidales","Bacteroidaceae","Bacteroides","Bacteroides_fluxus"
"SGB1883","pig_farmers_only",FALSE,"Bacteria","Bacteroidota","Bacteroidia","Bacteroidales","Bacteroidaceae","GGB1380","GGB1380_SGB1883"
"SGB1888","pig_farmers_only",FALSE,"Bacteria","Bacteroidota","Bacteroidia","Bacteroidales","Bacteroidaceae","Phocaeicola","Phocaeicola_coprophilus"
"SGB1930","pig_farmers_only",FALSE,"Bacteria","Bacteroidota","Bacteroidia","Bacteroidales","Tannerellaceae","Parabacteroides","Parabacteroides_faecalis"
"SGB1931","pig_farmers_only",FALSE,"Bacteria","Bacteroidota","Bacteroidia","Bacteroidales","Tannerellaceae","Parabacteroides","Parabacteroides_SGB1931"
"SGB1941","pig_farmers_only",FALSE,"Bacteria","Bacteroidota","Bacteroidia","Bacteroidales","Tannerellaceae","Parabacteroides","Parabacteroides_goldsteinii"
"SGB19429","pig_farmers_only",FALSE,"Bacteria","Campylobacterota","Epsilonproteobacteria","Campylobacterales","Campylobacteraceae","Campylobacter","Campylobacter_hominis"
"SGB1951","pig_farmers_only",FALSE,"Bacteria","Bacteroidota","Bacteroidia","Bacteroidales","Tannerellaceae","Parabacteroides","Parabacteroides_chinchillae"
"SGB19694","pig_farmers_only",FALSE,"Bacteria","Elusimicrobiota","Elusimicrobia","Elusimicrobiales","Elusimicrobiaceae","GGB13147","GGB13147_SGB19694"
"SGB20148","pig_farmers_only",FALSE,"Bacteria","Bacteroidota","Bacteroidia","Bacteroidales","Prevotellaceae","GGB12982","GGB12982_SGB20148"
"SGB20181","pig_farmers_only",FALSE,"Bacteria","Bacteroidota","Bacteroidia","Bacteroidales","Muribaculaceae","GGB13010","GGB13010_SGB20181"
"SGB2020","pig_farmers_only",FALSE,"Bacteria","Bacteroidota","CFGB11391","OFGB11391","FGB11391","GGB1457","GGB1457_SGB2020"
"SGB20621","pig_farmers_only",FALSE,"Bacteria","Firmicutes","CFGB2837","OFGB2837","FGB2837","GGB13362","GGB13362_SGB20621"
"SGB20631","pig_farmers_only",FALSE,"Bacteria","Firmicutes","CFGB2837","OFGB2837","FGB2837","GGB13371","GGB13371_SGB20631"
"SGB20686","pig_farmers_only",FALSE,"Bacteria","Firmicutes","CFGB1311","OFGB1311","FGB1311","GGB13418","GGB13418_SGB20686"
"SGB20700","pig_farmers_only",FALSE,"Bacteria","Firmicutes","CFGB4621","OFGB4621","FGB4621","GGB18336","GGB18336_SGB20700"
"SGB20706","pig_farmers_only",FALSE,"Bacteria","Firmicutes","CFGB3026","OFGB3026","FGB3026","GGB100919","GGB100919_SGB20706"
"SGB2076","pig_farmers_only",FALSE,"Bacteria","Bacteroidota","Bacteroidia","Bacteroidales","Muribaculaceae","GGB1497","GGB1497_SGB2076"
"SGB207917","pig_farmers_only",FALSE,"Bacteria","Planctomycetota","CFGB355","OFGB355","FGB355","GGB41281","GGB41281_SGB207917"
"SGB20798","pig_farmers_only",FALSE,"Bacteria","Firmicutes","Clostridia","Eubacteriales","Oscillospiraceae","GGB9618","GGB9618_SGB20798"
"SGB20832","pig_farmers_only",FALSE,"Bacteria","Firmicutes","Clostridia","Eubacteriales","Oscillospiraceae","GGB9602","GGB9602_SGB20832"
"SGB21015","pig_farmers_only",FALSE,"Bacteria","Firmicutes","Erysipelotrichia","Erysipelotrichales","Erysipelotrichaceae","GGB13661","GGB13661_SGB21015"
"SGB213611","pig_farmers_only",FALSE,"Bacteria","Pseudomonadota","CFGB1061","OFGB1061","FGB1061","GGB2730","GGB2730_SGB213611"
"SGB214248","pig_farmers_only",FALSE,"Bacteria","Bacteroidota","Bacteroidia","Bacteroidales","Muribaculaceae","GGB13010","GGB13010_SGB214248"
"SGB2154","pig_farmers_only",FALSE,"Bacteria","Bacteroidota","CFGB94545","OFGB94545","FGB94545","GGB1567","GGB1567_SGB2154"
"SGB2212","pig_farmers_only",FALSE,"Bacteria","Bacteroidota","CFGB653","OFGB653","FGB653","GGB1615","GGB1615_SGB2212"
"SGB2214","pig_farmers_only",FALSE,"Bacteria","Bacteroidota","CFGB74620","OFGB74620","FGB74620","GGB1617","GGB1617_SGB2214"
"SGB2229","pig_farmers_only",FALSE,"Bacteria","Bacteroidota","CFGB658","OFGB658","FGB658","GGB1627","GGB1627_SGB2229"
"SGB2237","pig_farmers_only",FALSE,"Bacteria","Bacteroidota","CFGB11479","OFGB11479","FGB11479","GGB1629","GGB1629_SGB2237"
"SGB2241","pig_farmers_only",FALSE,"Bacteria","Bacteroidota","CFGB27697","OFGB27697","FGB27697","GGB1633","GGB1633_SGB2241"
"SGB26826","pig_farmers_only",FALSE,"Bacteria","Firmicutes","CFGB6280","OFGB6280","FGB6280","GGB18162","GGB18162_SGB26826"
"SGB3542","pig_farmers_only",FALSE,"Bacteria","Spirochaetota","Spirochaetia","Spirochaetales","Treponemataceae","Treponema","Treponema_berlinense"
"SGB3546_group","pig_farmers_only",FALSE,"Bacteria","Spirochaetota","Spirochaetia","Spirochaetales","Treponemataceae","Treponema","Treponema_succinifaciens"
"SGB3579","pig_farmers_only",FALSE,"Bacteria","Firmicutes","CFGB36753","OFGB36753","FGB36753","GGB2658","GGB2658_SGB3579"
"SGB3580","pig_farmers_only",FALSE,"Bacteria","Firmicutes","Clostridia","Eubacteriales","Oscillospiraceae","Acetivibrio","Acetivibrio_sp_MSJd_27"
"SGB3672","pig_farmers_only",FALSE,"Bacteria","Pseudomonadota","CFGB1061","OFGB1061","FGB1061","GGB2730","GGB2730_SGB3672"
"SGB3677","pig_farmers_only",FALSE,"Bacteria","Pseudomonadota","Gammaproteobacteria","Aeromonadales","Succinivibrionaceae","GGB2734","GGB2734_SGB3677"
"SGB372","pig_farmers_only",FALSE,"Archaea","Thermoplasmatota","Thermoplasmata","Methanomassiliicoccales","Methanomassiliicoccaceae","GGB267","GGB267_SGB372"
"SGB37973","pig_farmers_only",FALSE,"Bacteria","Pseudomonadota","Betaproteobacteria","Burkholderiales","Sutterellaceae","GGB25979","GGB25979_SGB37973"
"SGB38814","pig_farmers_only",FALSE,"Bacteria","Spirochaetota","CFGB8872","OFGB8872","FGB8872","GGB26634","GGB26634_SGB38814"
"SGB3954","pig_farmers_only",FALSE,"Bacteria","Firmicutes","CFGB5569","OFGB5569","FGB5569","GGB2972","GGB2972_SGB3954"
"SGB39824","pig_farmers_only",FALSE,"Bacteria","Firmicutes","CFGB77675","OFGB77675","FGB77675","GGB27521","GGB27521_SGB39824"
"SGB3994","pig_farmers_only",FALSE,"Bacteria","Firmicutes","CFGB79330","OFGB79330","FGB79330","GGB3003","GGB3003_SGB3994"
"SGB40236","pig_farmers_only",FALSE,"Bacteria","Bacteroidota","Bacteroidia","Bacteroidales","Muribaculaceae","GGB13009","GGB13009_SGB40236"
"SGB4051","pig_farmers_only",FALSE,"Bacteria","Firmicutes","CFGB1258","OFGB1258","FGB1258","GGB3051","GGB3051_SGB4051"
"SGB41058","pig_farmers_only",FALSE,"Bacteria","Firmicutes","CFGB9536","OFGB9536","FGB9536","GGB28474","GGB28474_SGB41058"
"SGB41335","pig_farmers_only",FALSE,"Bacteria","Firmicutes","Clostridia","Lachnospirales","Lachnospiraceae","Lachnospiraceae_unclassified","Lachnospiraceae_unclassified_SGB41335"
"SGB4141","pig_farmers_only",FALSE,"Bacteria","Firmicutes","CFGB78317","OFGB78317","FGB78317","GGB3128","GGB3128_SGB4141"
"SGB4142","pig_farmers_only",FALSE,"Bacteria","Firmicutes","CFGB84085","OFGB84085","FGB84085","GGB3129","GGB3129_SGB4142"
"SGB4143","pig_farmers_only",FALSE,"Bacteria","Firmicutes","CFGB4617","OFGB4617","FGB4617","GGB3130","GGB3130_SGB4143"
"SGB4146","pig_farmers_only",FALSE,"Bacteria","Firmicutes","CFGB38400","OFGB38400","FGB38400","GGB18456","GGB18456_SGB4146"
"SGB4149","pig_farmers_only",FALSE,"Bacteria","Firmicutes","CFGB77413","OFGB77413","FGB77413","GGB3136","GGB3136_SGB4149"
"SGB4153","pig_farmers_only",FALSE,"Bacteria","Firmicutes","CFGB94475","OFGB94475","FGB94475","GGB3140","GGB3140_SGB4153"
"SGB4159_group","pig_farmers_only",FALSE,"Bacteria","Firmicutes","CFGB78291","OFGB78291","FGB78291","GGB3146","GGB3146_SGB4159"
"SGB4161","pig_farmers_only",FALSE,"Bacteria","Firmicutes","CFGB1312","OFGB1312","FGB1312","GGB3148","GGB3148_SGB4161"
"SGB42794","pig_farmers_only",FALSE,"Bacteria","Firmicutes","Negativicutes","Acidaminococcales","Acidaminococcaceae","Acidaminococcus","Acidaminococcus_SGB42794"
"SGB43319","pig_farmers_only",FALSE,"Bacteria","Firmicutes","CFGB30328","OFGB30328","FGB30328","GGB30337","GGB30337_SGB43319"
"SGB4340","pig_farmers_only",FALSE,"Bacteria","Firmicutes","CFGB1347","OFGB1347","FGB1347","GGB3286","GGB3286_SGB4340"
"SGB4341","pig_farmers_only",FALSE,"Bacteria","Firmicutes","CFGB79225","OFGB79225","FGB79225","GGB3287","GGB3287_SGB4341"
"SGB4368","pig_farmers_only",FALSE,"Bacteria","Firmicutes","CFGB1355","OFGB1355","FGB1355","GGB3305","GGB3305_SGB4368"
"SGB4373","pig_farmers_only",FALSE,"Bacteria","Firmicutes","CFGB1355","OFGB1355","FGB1355","GGB3306","GGB3306_SGB4373"
"SGB4393","pig_farmers_only",FALSE,"Bacteria","Firmicutes","CFGB1359","OFGB1359","FGB1359","GGB39037","GGB39037_SGB4393"
"SGB4402","pig_farmers_only",FALSE,"Bacteria","Firmicutes","CFGB1365","OFGB1365","FGB1365","GGB3325","GGB3325_SGB4402"
"SGB44035","pig_farmers_only",FALSE,"Bacteria","Pseudomonadota","CFGB30823","OFGB30823","FGB30823","GGB30823","GGB30823_SGB44035"
"SGB4637","pig_farmers_only",FALSE,"Bacteria","Firmicutes","Clostridia","Lachnospirales","Lachnospiraceae","GGB3474","GGB3474_SGB4637"
"SGB4709","pig_farmers_only",FALSE,"Bacteria","Firmicutes","Clostridia","Eubacteriales","Clostridiaceae","Clostridium","Clostridium_sp_AM42_4"
"SGB4713","pig_farmers_only",FALSE,"Bacteria","Firmicutes","Clostridia","Eubacteriales","Clostridiaceae","GGB3528","GGB3528_SGB4713"
"SGB47398","pig_farmers_only",FALSE,"Bacteria","Firmicutes","Clostridia","Eubacteriales","Oscillospiraceae","GGB74780","GGB74780_SGB47398"
"SGB47410","pig_farmers_only",FALSE,"Bacteria","Firmicutes","CFGB1311","OFGB1311","FGB1311","GGB40635","GGB40635_SGB47410"
"SGB47433","pig_farmers_only",FALSE,"Bacteria","Firmicutes","CFGB78608","OFGB78608","FGB78608","GGB75029","GGB75029_SGB47433"
"SGB47441","pig_farmers_only",FALSE,"Bacteria","Firmicutes","CFGB73197","OFGB73197","FGB73197","GGB33550","GGB33550_SGB47441"
"SGB4751","pig_farmers_only",FALSE,"Bacteria","Firmicutes","Clostridia","Eubacteriales","Clostridiaceae","Clostridium","Clostridium_SGB4751"
"SGB47716","pig_farmers_only",FALSE,"Bacteria","Firmicutes","Clostridia","Lachnospirales","Lachnospiraceae","GGB38239","GGB38239_SGB47716"
"SGB48014","pig_farmers_only",FALSE,"Bacteria","Firmicutes","CFGB72889","OFGB72889","FGB72889","GGB74428","GGB74428_SGB48014"
"SGB49927","pig_farmers_only",FALSE,"Bacteria","Bacteroidota","CFGB7603","OFGB7603","FGB7603","GGB33753","GGB33753_SGB49927"
"SGB51830","pig_farmers_only",FALSE,"Bacteria","Firmicutes","CFGB1258","OFGB1258","FGB1258","GGB36679","GGB36679_SGB51830"
"SGB5197","pig_farmers_only",FALSE,"Bacteria","Firmicutes","Clostridia","Lachnospirales","Lachnospiraceae","GGB3828","GGB3828_SGB5197"
"SGB5234_group","pig_farmers_only",FALSE,"Bacteria","Firmicutes","CFGB1527","OFGB1527","FGB1527","GGB3859","GGB3859_SGB5234"
"SGB5239","pig_farmers_only",FALSE,"Bacteria","Firmicutes","Clostridia","Lachnospirales","Lachnospiraceae","GGB3862","GGB3862_SGB5239"
"SGB53115","pig_farmers_only",FALSE,"Bacteria","Firmicutes","CFGB1260","OFGB1260","FGB1260","GGB74223","GGB74223_SGB53115"
"SGB53389","pig_farmers_only",FALSE,"Bacteria","Firmicutes","Negativicutes","Selenomonadales","Selenomonadaceae","Selenomonas","Selenomonas_montiformis"
"SGB53486","pig_farmers_only",FALSE,"Bacteria","Firmicutes","Clostridia","Eubacteriales","Maliibacteriaceae","GGB9778","GGB9778_SGB53486"
"SGB53545","pig_farmers_only",FALSE,"Bacteria","Firmicutes","Clostridia","Eubacteriales","Oscillospiraceae","GGB74431","GGB74431_SGB53545"
"SGB54300","pig_farmers_only",FALSE,"Bacteria","Firmicutes","CFGB11916","OFGB11916","FGB11916","GGB34540","GGB34540_SGB54300"
"SGB54328","pig_farmers_only",FALSE,"Bacteria","Firmicutes","CFGB73069","OFGB73069","FGB73069","GGB74672","GGB74672_SGB54328"
"SGB54368","pig_farmers_only",FALSE,"Bacteria","Firmicutes","CFGB94688","OFGB94688","FGB94688","GGB38791","GGB38791_SGB54368"
"SGB54371","pig_farmers_only",FALSE,"Bacteria","Firmicutes","CFGB2923","OFGB2923","FGB2923","GGB33452","GGB33452_SGB54371"
"SGB57321","pig_farmers_only",FALSE,"Bacteria","Thermodesulfobacteriota","Desulfovibrionia","Desulfovibrionales","Desulfovibrionaceae","GGB9817","GGB9817_SGB57321"
"SGB5741","pig_farmers_only",FALSE,"Bacteria","Firmicutes","Negativicutes","Acidaminococcales","Acidaminococcaceae","Acidaminococcus","Acidaminococcus_timonensis"
"SGB5743","pig_farmers_only",FALSE,"Bacteria","Firmicutes","Negativicutes","Acidaminococcales","Acidaminococcaceae","Acidaminococcus","Acidaminococcus_fermentans"
"SGB5744","pig_farmers_only",FALSE,"Bacteria","Firmicutes","Negativicutes","Acidaminococcales","Acidaminococcaceae","Acidaminococcus","Acidaminococcus_fermentans"
"SGB5805","pig_farmers_only",FALSE,"Bacteria","Firmicutes","Negativicutes","Veillonellales","Veillonellaceae","GGB4266","GGB4266_SGB5805"
"SGB5809","pig_farmers_only",FALSE,"Bacteria","Firmicutes","Negativicutes","Veillonellales","Veillonellaceae","GGB4266","GGB4266_SGB5809"
"SGB58382","pig_farmers_only",FALSE,"Bacteria","Thermodesulfobacteriota","Desulfovibrionia","Desulfovibrionales","Desulfovibrionaceae","GGB9817","GGB9817_SGB58382"
"SGB5852","pig_farmers_only",FALSE,"Bacteria","Firmicutes","Negativicutes","Veillonellales","Veillonellaceae","Megasphaera","Megasphaera_hexanoica"
"SGB5862","pig_farmers_only",FALSE,"Bacteria","Firmicutes","Negativicutes","Veillonellales","Veillonellaceae","Megasphaera","Megasphaera_elsdenii"
"SGB5903","pig_farmers_only",FALSE,"Bacteria","Firmicutes","Negativicutes","Selenomonadales","Selenomonadaceae","Mitsuokella","Mitsuokella_SGB5903"
"SGB5904","pig_farmers_only",FALSE,"Bacteria","Firmicutes","Negativicutes","Selenomonadales","Selenomonadaceae","Mitsuokella","Mitsuokella_jalaludinii"
"SGB5906","pig_farmers_only",FALSE,"Bacteria","Firmicutes","Negativicutes","Selenomonadales","Selenomonadaceae","Mitsuokella","Mitsuokella_multacida"
"SGB5909","pig_farmers_only",FALSE,"Bacteria","Firmicutes","Negativicutes","Selenomonadales","Selenomonadaceae","Selenomonas","Selenomonas_SGB5909"
"SGB5910","pig_farmers_only",FALSE,"Bacteria","Firmicutes","Negativicutes","Selenomonadales","Selenomonadaceae","Selenomonas","Selenomonas_bovis"
"SGB6180","pig_farmers_only",FALSE,"Bacteria","Firmicutes","Clostridia","Eubacteriales","Clostridiaceae","Clostridium","Clostridium_celatum"
"SGB6263","pig_farmers_only",FALSE,"Bacteria","Firmicutes","CFGB1765","OFGB1765","FGB1765","GGB4542","GGB4542_SGB6263"
"SGB6267","pig_farmers_only",FALSE,"Bacteria","Firmicutes","CFGB1765","OFGB1765","FGB1765","GGB4546","GGB4546_SGB6267"
"SGB6271","pig_farmers_only",FALSE,"Bacteria","Firmicutes","CFGB1765","OFGB1765","FGB1765","GGB4549","GGB4549_SGB6271"
"SGB6272","pig_farmers_only",FALSE,"Bacteria","Firmicutes","CFGB1765","OFGB1765","FGB1765","GGB4550","GGB4550_SGB6272"
"SGB6273","pig_farmers_only",FALSE,"Bacteria","Firmicutes","CFGB1765","OFGB1765","FGB1765","GGB4550","GGB4550_SGB6273"
"SGB6289","pig_farmers_only",FALSE,"Bacteria","Firmicutes","CFGB1765","OFGB1765","FGB1765","GGB4558","GGB4558_SGB6289"
"SGB6322","pig_farmers_only",FALSE,"Bacteria","Firmicutes","CFGB1765","OFGB1765","FGB1765","GGB4572","GGB4572_SGB6322"
"SGB6360","pig_farmers_only",FALSE,"Bacteria","Firmicutes","CFGB1765","OFGB1765","FGB1765","GGB4598","GGB4598_SGB6360"
"SGB6372","pig_farmers_only",FALSE,"Bacteria","Firmicutes","CFGB1765","OFGB1765","FGB1765","GGB4604","GGB4604_SGB6372"
"SGB6375","pig_farmers_only",FALSE,"Bacteria","Firmicutes","CFGB1765","OFGB1765","FGB1765","GGB4604","GGB4604_SGB6375"
"SGB6405","pig_farmers_only",FALSE,"Bacteria","Firmicutes","CFGB10309","OFGB10309","FGB10309","GGB4628","GGB4628_SGB6405"
"SGB6407","pig_farmers_only",FALSE,"Bacteria","Firmicutes","CFGB1772","OFGB1772","FGB1772","GGB4629","GGB4629_SGB6407"
"SGB6416","pig_farmers_only",FALSE,"Bacteria","Firmicutes","CFGB10318","OFGB10318","FGB10318","GGB4637","GGB4637_SGB6416"
"SGB6418","pig_farmers_only",FALSE,"Bacteria","Firmicutes","CFGB10318","OFGB10318","FGB10318","GGB4639","GGB4639_SGB6418"
"SGB6419","pig_farmers_only",FALSE,"Bacteria","Mycoplasmatota","CFGB10317","OFGB10317","FGB10317","GGB4640","GGB4640_SGB6419"
"SGB6420","pig_farmers_only",FALSE,"Bacteria","Firmicutes","CFGB10318","OFGB10318","FGB10318","GGB4641","GGB4641_SGB6420"
"SGB6437","pig_farmers_only",FALSE,"Bacteria","Firmicutes","CFGB10297","OFGB10297","FGB10297","GGB4650","GGB4650_SGB6437"
"SGB6456","pig_farmers_only",FALSE,"Bacteria","Firmicutes","CFGB9119","OFGB9119","FGB9119","GGB4667","GGB4667_SGB6456"
"SGB6458","pig_farmers_only",FALSE,"Bacteria","Firmicutes","CFGB10325","OFGB10325","FGB10325","GGB4669","GGB4669_SGB6458"
"SGB6463","pig_farmers_only",FALSE,"Bacteria","Firmicutes","CFGB1776","OFGB1776","FGB1776","GGB4675","GGB4675_SGB6463"
"SGB6471","pig_farmers_only",FALSE,"Bacteria","Firmicutes","CFGB1776","OFGB1776","FGB1776","GGB4681","GGB4681_SGB6471"
"SGB6484","pig_farmers_only",FALSE,"Bacteria","Firmicutes","CFGB1776","OFGB1776","FGB1776","GGB4687","GGB4687_SGB6484"
"SGB6490","pig_farmers_only",FALSE,"Bacteria","Firmicutes","CFGB1777","OFGB1777","FGB1777","GGB4692","GGB4692_SGB6490"
"SGB6493","pig_farmers_only",FALSE,"Bacteria","Firmicutes","CFGB1777","OFGB1777","FGB1777","GGB4694","GGB4694_SGB6493"
"SGB6494","pig_farmers_only",FALSE,"Bacteria","Firmicutes","CFGB1777","OFGB1777","FGB1777","GGB4695","GGB4695_SGB6494"
"SGB6502","pig_farmers_only",FALSE,"Bacteria","Firmicutes","CFGB31455","OFGB31455","FGB31455","GGB4699","GGB4699_SGB6502"
"SGB6503","pig_farmers_only",FALSE,"Bacteria","Firmicutes","CFGB31455","OFGB31455","FGB31455","GGB4699","GGB4699_SGB6503"
"SGB6508","pig_farmers_only",FALSE,"Bacteria","Firmicutes","CFGB10314","OFGB10314","FGB10314","GGB4701","GGB4701_SGB6508"
"SGB6517","pig_farmers_only",FALSE,"Bacteria","Firmicutes","CFGB79270","OFGB79270","FGB79270","GGB4707","GGB4707_SGB6517"
"SGB6518","pig_farmers_only",FALSE,"Bacteria","Firmicutes","CFGB79270","OFGB79270","FGB79270","GGB4708","GGB4708_SGB6518"
"SGB6521","pig_farmers_only",FALSE,"Bacteria","Firmicutes","CFGB10290","OFGB10290","FGB10290","GGB101013","GGB101013_SGB6521"
"SGB6526","pig_farmers_only",FALSE,"Bacteria","Firmicutes","CFGB1778","OFGB1778","FGB1778","GGB4713","GGB4713_SGB6526"
"SGB6529","pig_farmers_only",FALSE,"Bacteria","Firmicutes","CFGB1778","OFGB1778","FGB1778","GGB4715","GGB4715_SGB6529"
"SGB6562","pig_farmers_only",FALSE,"Bacteria","Firmicutes","CFGB4862","OFGB4862","FGB4862","GGB4737","GGB4737_SGB6562"
"SGB6575","pig_farmers_only",FALSE,"Bacteria","Firmicutes","CFGB4862","OFGB4862","FGB4862","GGB4747","GGB4747_SGB6575"
"SGB6577","pig_farmers_only",FALSE,"Bacteria","Firmicutes","CFGB4862","OFGB4862","FGB4862","GGB4748","GGB4748_SGB6577"
"SGB6580","pig_farmers_only",FALSE,"Bacteria","Firmicutes","CFGB89404","OFGB89404","FGB89404","GGB4751","GGB4751_SGB6580"
"SGB6581","pig_farmers_only",FALSE,"Bacteria","Firmicutes","CFGB81729","OFGB81729","FGB81729","GGB4752","GGB4752_SGB6581"
"SGB6609","pig_farmers_only",FALSE,"Bacteria","Firmicutes","CFGB77220","OFGB77220","FGB77220","GGB4774","GGB4774_SGB6609"
"SGB6617","pig_farmers_only",FALSE,"Bacteria","Firmicutes","CFGB4761","OFGB4761","FGB4761","GGB118284","GGB118284_SGB6617"
"SGB6766","pig_farmers_only",FALSE,"Bacteria","Firmicutes","CFGB4862","OFGB4862","FGB4862","GGB4862","GGB4862_SGB6766"
"SGB6778_group","pig_farmers_only",FALSE,"Bacteria","Firmicutes","Erysipelotrichia","Erysipelotrichales","Coprobacillaceae","Catenibacterium","Catenibacterium_mitsuokai"
"SGB69208","pig_farmers_only",FALSE,"Bacteria","Firmicutes","CFGB13979","OFGB13979","FGB13979","GGB49309","GGB49309_SGB69208"
"SGB69281","pig_farmers_only",FALSE,"Bacteria","Firmicutes","CFGB1311","OFGB1311","FGB1311","GGB49375","GGB49375_SGB69281"
"SGB6970","pig_farmers_only",FALSE,"Bacteria","Firmicutes","Negativicutes","Selenomonadales","Selenomonadaceae","GGB4978","GGB4978_SGB6970"
"SGB6973","pig_farmers_only",FALSE,"Bacteria","Firmicutes","Negativicutes","Selenomonadales","Selenomonadaceae","Anaerovibrio","Anaerovibrio_lipolyticus"
"SGB70108","pig_farmers_only",FALSE,"Bacteria","Bacteroidota","Bacteroidia","Bacteroidales","Prevotellaceae","GGB140923","GGB140923_SGB70108"
"SGB7061","pig_farmers_only",FALSE,"Bacteria","Firmicutes","Bacilli","Lactobacillales","Lactobacillaceae","Ligilactobacillus","Ligilactobacillus_ruminis"
"SGB71122","pig_farmers_only",FALSE,"Bacteria","Firmicutes","CFGB4761","OFGB4761","FGB4761","GGB50913","GGB50913_SGB71122"
"SGB71569","pig_farmers_only",FALSE,"Bacteria","Firmicutes","Bacillota_unclassified","Bacillota_unclassified","Bacillota_unclassified","GGB51318","GGB51318_SGB71569"
"SGB71920","pig_farmers_only",FALSE,"Bacteria","Firmicutes","CFGB94488","OFGB94488","FGB94488","GGB51542","GGB51542_SGB71920"
"SGB71936","pig_farmers_only",FALSE,"Bacteria","Firmicutes","CFGB1311","OFGB1311","FGB1311","GGB3233","GGB3233_SGB71936"
"SGB71937","pig_farmers_only",FALSE,"Bacteria","Firmicutes","CFGB1311","OFGB1311","FGB1311","GGB51559","GGB51559_SGB71937"
"SGB72381","pig_farmers_only",FALSE,"Bacteria","Firmicutes","CFGB4606","OFGB4606","FGB4606","GGB13405","GGB13405_SGB72381"
"SGB72916","pig_farmers_only",FALSE,"Bacteria","Firmicutes","Clostridia","Eubacteriales","Oscillospiraceae","GGB34228","GGB34228_SGB72916"
"SGB72970","pig_farmers_only",FALSE,"Bacteria","Firmicutes","Clostridia","Eubacteriales","Oscillospiraceae","GGB52205","GGB52205_SGB72970"
"SGB76890","pig_farmers_only",FALSE,"Bacteria","Firmicutes","CFGB4507","OFGB4507","FGB4507","GGB55599","GGB55599_SGB76890"
"SGB76891","pig_farmers_only",FALSE,"Bacteria","Firmicutes","CFGB4507","OFGB4507","FGB4507","GGB55600","GGB55600_SGB76891"
"SGB82835","pig_farmers_only",FALSE,"Bacteria","Firmicutes","Negativicutes","Acidaminococcales","Acidaminococcaceae","Acidaminococcus","Acidaminococcus_SGB82835"
"SGB8589","pig_farmers_only",FALSE,"Bacteria","Candidatus_Melainabacteria","CFGB2102","OFGB2102","FGB2102","GGB5973","GGB5973_SGB8589"
"SGB8629","pig_farmers_only",FALSE,"Bacteria","Candidatus_Melainabacteria","Candidatus_Melainabacteria_unclassified","Candidatus_Gastranaerophilales","Candidatus_Gastranaerophilales_unclassified","GGB6005","GGB6005_SGB8629"
"SGB8640","pig_farmers_only",FALSE,"Bacteria","Candidatus_Melainabacteria","Candidatus_Melainabacteria_unclassified","Candidatus_Gastranaerophilales","Candidatus_Gastranaerophilales_unclassified","GGB6012","GGB6012_SGB8640"
"SGB8644","pig_farmers_only",FALSE,"Bacteria","Candidatus_Melainabacteria","Candidatus_Melainabacteria_unclassified","Candidatus_Gastranaerophilales","Candidatus_Gastranaerophilales_unclassified","GGB6013","GGB6013_SGB8644"
"SGB8645","pig_farmers_only",FALSE,"Bacteria","Candidatus_Melainabacteria","Candidatus_Melainabacteria_unclassified","Candidatus_Gastranaerophilales","Candidatus_Gastranaerophilales_unclassified","GGB6012","GGB6012_SGB8645"
"SGB8651","pig_farmers_only",FALSE,"Bacteria","Candidatus_Melainabacteria","Candidatus_Melainabacteria_unclassified","Candidatus_Gastranaerophilales","Candidatus_Gastranaerophilales_unclassified","GGB6019","GGB6019_SGB8651"
"SGB8653","pig_farmers_only",FALSE,"Bacteria","Candidatus_Melainabacteria","Candidatus_Melainabacteria_unclassified","Candidatus_Gastranaerophilales","Candidatus_Gastranaerophilales_unclassified","GGB6020","GGB6020_SGB8653"
"SGB8655","pig_farmers_only",FALSE,"Bacteria","Candidatus_Melainabacteria","Candidatus_Melainabacteria_unclassified","Candidatus_Gastranaerophilales","Candidatus_Gastranaerophilales_unclassified","GGB13727","GGB13727_SGB8655"
"SGB8775","pig_farmers_only",FALSE,"Bacteria","Verrucomicrobiota","Opitutia","Puniceicoccales","Puniceicoccaceae","GGB6129","GGB6129_SGB8775"
"SGB8779","pig_farmers_only",FALSE,"Bacteria","Verrucomicrobiota","CFGB2164","OFGB2164","FGB2164","GGB6132","GGB6132_SGB8779"
"SGB9153","pig_farmers_only",FALSE,"Bacteria","Lentisphaerota","CFGB2345","OFGB2345","FGB2345","GGB6470","GGB6470_SGB9153"
"SGB9202","pig_farmers_only",FALSE,"Bacteria","Lentisphaerota","Lentisphaeria","Victivallales","Victivallaceae","Victivallis","Victivallis_vadensis"
"SGB9205","pig_farmers_only",FALSE,"Bacteria","Lentisphaerota","CFGB2378","OFGB2378","FGB2378","GGB6518","GGB6518_SGB9205"
"SGB9242","pig_farmers_only",FALSE,"Bacteria","Pseudomonadota","CFGB2394","OFGB2394","FGB2394","GGB6544","GGB6544_SGB9242"
"SGB9243","pig_farmers_only",FALSE,"Bacteria","Pseudomonadota","CFGB2394","OFGB2394","FGB2394","GGB6544","GGB6544_SGB9243"
"SGB9247","pig_farmers_only",FALSE,"Bacteria","Pseudomonadota","Betaproteobacteria","Burkholderiales","Sutterellaceae","Parasutterella","Parasutterella_secunda"
"SGB9253","pig_farmers_only",FALSE,"Bacteria","Pseudomonadota","Betaproteobacteria","Burkholderiales","Sutterellaceae","GGB142751","GGB142751_SGB9253"
"SGB9257","pig_farmers_only",FALSE,"Bacteria","Pseudomonadota","Betaproteobacteria","Burkholderiales","Sutterellaceae","GGB6554","GGB6554_SGB9257"
"SGB9273","pig_farmers_only",FALSE,"Bacteria","Pseudomonadota","Betaproteobacteria","Burkholderiales","Sutterellaceae","Duodenibacillus","Duodenibacillus_massiliensis"
"SGB9274","pig_farmers_only",FALSE,"Bacteria","Pseudomonadota","Betaproteobacteria","Burkholderiales","Sutterellaceae","GGB6565","GGB6565_SGB9274"
"SGB9277","pig_farmers_only",FALSE,"Bacteria","Pseudomonadota","Betaproteobacteria","Burkholderiales","Sutterellaceae","GGB6567","GGB6567_SGB9277"
"SGB9292","pig_farmers_only",FALSE,"Bacteria","Pseudomonadota","Betaproteobacteria","Burkholderiales","Sutterellaceae","Sutterella","Sutterella_parvirubra"
"SGB9307","pig_farmers_only",FALSE,"Bacteria","Pseudomonadota","CFGB2401","OFGB2401","FGB2401","GGB6585","GGB6585_SGB9307"
"SGB9311","pig_farmers_only",FALSE,"Bacteria","Pseudomonadota","CFGB2401","OFGB2401","FGB2401","GGB6586","GGB6586_SGB9311"
"SGB9320","pig_farmers_only",FALSE,"Bacteria","Pseudomonadota","CFGB13104","OFGB13104","FGB13104","GGB6592","GGB6592_SGB9320"
"SGB9323","pig_farmers_only",FALSE,"Bacteria","Pseudomonadota","CFGB8587","OFGB8587","FGB8587","GGB6593","GGB6593_SGB9323"
"SGB9330_group","pig_farmers_only",FALSE,"Bacteria","Pseudomonadota","CFGB10055","OFGB10055","FGB10055","GGB6599","GGB6599_SGB9330"
"SGB9343","pig_farmers_only",FALSE,"Bacteria","Pseudomonadota","CFGB2404","OFGB2404","FGB2404","GGB6609","GGB6609_SGB9343"
"SGB9344","pig_farmers_only",FALSE,"Bacteria","Pseudomonadota","CFGB2404","OFGB2404","FGB2404","GGB6610","GGB6610_SGB9344"
"SGB9389","pig_farmers_only",FALSE,"Bacteria","Pseudomonadota","Betaproteobacteria","Burkholderiales","Oxalobacteraceae","Oxalobacter","Oxalobacter_paeniformigenes"
"SGB98320","pig_farmers_only",FALSE,"Bacteria","Firmicutes","Clostridia","Eubacteriales","Oscillospiraceae","GGB71575","GGB71575_SGB98320"
"SGB993","pig_farmers_only",FALSE,"Bacteria","Firmicutes","CFGB330","OFGB330","FGB330","GGB756","GGB756_SGB993"
